-- Kita data restore, generated 2026-07-13 from project nzjvtalrbcllneihelit
-- Assumes schema (0001) + RLS (0002) already applied and auth.users recreated
-- with the same user ids (see auth_users.json).
begin;

-- households (1 rows)
insert into public.households (id, name, base_currency, created_at) values ('00000000-0000-0000-0000-0000000000aa', 'Chong Family', 'MYR', '2026-07-04T09:21:13.86138+00:00');

-- profiles (2 rows)
insert into public.profiles (id, display_name, email, language, avatar_color, tab_order) values ('989080c6-f53c-46bf-a4c5-cc053dffc04c', 'JC', 'jcteoh95@gmail.com', 'en', 'peach', null);
insert into public.profiles (id, display_name, email, language, avatar_color, tab_order) values ('190c5a7a-a572-4391-8602-bd0d8e0202d7', 'CH', 'cch340@gmail.com', 'en', 'blue', '{"bar": ["home", "expenses", "fund", "assets"], "more": []}'::jsonb);

-- household_members (2 rows)
insert into public.household_members (household_id, user_id, role, member_code) values ('00000000-0000-0000-0000-0000000000aa', '190c5a7a-a572-4391-8602-bd0d8e0202d7', 'owner', 'CH');
insert into public.household_members (household_id, user_id, role, member_code) values ('00000000-0000-0000-0000-0000000000aa', '989080c6-f53c-46bf-a4c5-cc053dffc04c', 'member', 'JC');

-- joint_fund_config (2 rows)
insert into public.joint_fund_config (household_id, member_code, expected_monthly_cents, carry_forward_prev_year_cents) values ('00000000-0000-0000-0000-0000000000aa', 'CH', 227000, 0);
insert into public.joint_fund_config (household_id, member_code, expected_monthly_cents, carry_forward_prev_year_cents) values ('00000000-0000-0000-0000-0000000000aa', 'JC', 247000, 0);

-- joint_fund_contributions (14 rows)
insert into public.joint_fund_contributions (id, household_id, member_code, period, amount_cents, status, notes) values ('084650af-a596-4450-9e5e-4cd6b5c73b60', '00000000-0000-0000-0000-0000000000aa', 'CH', '2026-01-01', 293926, 'paid', 'Includes RM 669.26 carry forward from 2025');
insert into public.joint_fund_contributions (id, household_id, member_code, period, amount_cents, status, notes) values ('82e58271-bae1-4ddf-a1f1-b6862cbed0e3', '00000000-0000-0000-0000-0000000000aa', 'JC', '2026-01-01', 313926, 'paid', 'Includes RM 669.26 carry forward from 2025');
insert into public.joint_fund_contributions (id, household_id, member_code, period, amount_cents, status, notes) values ('c8a39424-a2ab-48e7-b858-c4534a9e6738', '00000000-0000-0000-0000-0000000000aa', 'CH', '2026-02-01', 227000, 'paid', null);
insert into public.joint_fund_contributions (id, household_id, member_code, period, amount_cents, status, notes) values ('0731e710-d891-4dbd-bf6b-041613c22564', '00000000-0000-0000-0000-0000000000aa', 'JC', '2026-02-01', 247000, 'paid', null);
insert into public.joint_fund_contributions (id, household_id, member_code, period, amount_cents, status, notes) values ('8a0ef998-3955-4e6b-b5fc-dd1a16cb42f7', '00000000-0000-0000-0000-0000000000aa', 'CH', '2026-03-01', 227000, 'paid', null);
insert into public.joint_fund_contributions (id, household_id, member_code, period, amount_cents, status, notes) values ('4b892d65-9f7d-49ad-9a71-2ae454830887', '00000000-0000-0000-0000-0000000000aa', 'JC', '2026-03-01', 247000, 'pending', null);
insert into public.joint_fund_contributions (id, household_id, member_code, period, amount_cents, status, notes) values ('0b1e953e-fe18-46a5-a9e7-e21a04c255ee', '00000000-0000-0000-0000-0000000000aa', 'CH', '2026-04-01', 227000, 'paid', null);
insert into public.joint_fund_contributions (id, household_id, member_code, period, amount_cents, status, notes) values ('52d6a6cc-2cd1-49ec-8730-a268ad70ab07', '00000000-0000-0000-0000-0000000000aa', 'JC', '2026-04-01', 247000, 'pending', null);
insert into public.joint_fund_contributions (id, household_id, member_code, period, amount_cents, status, notes) values ('96f094e2-5653-4c94-8b3e-cd7d40856913', '00000000-0000-0000-0000-0000000000aa', 'CH', '2026-05-01', 227000, 'paid', null);
insert into public.joint_fund_contributions (id, household_id, member_code, period, amount_cents, status, notes) values ('b8611c3a-e1c1-4026-833e-4d20422b07a6', '00000000-0000-0000-0000-0000000000aa', 'JC', '2026-05-01', 247000, 'pending', null);
insert into public.joint_fund_contributions (id, household_id, member_code, period, amount_cents, status, notes) values ('683bbed8-ea18-40b9-bc63-f7bb7300e9f9', '00000000-0000-0000-0000-0000000000aa', 'CH', '2026-06-01', 227000, 'paid', null);
insert into public.joint_fund_contributions (id, household_id, member_code, period, amount_cents, status, notes) values ('386cd8e4-73bb-4f6c-a70b-b75e370b974f', '00000000-0000-0000-0000-0000000000aa', 'JC', '2026-06-01', 247000, 'pending', null);
insert into public.joint_fund_contributions (id, household_id, member_code, period, amount_cents, status, notes) values ('5fea5cf8-1547-48cc-9670-360302b2ed7f', '00000000-0000-0000-0000-0000000000aa', 'CH', '2026-07-01', 227000, 'pending', null);
insert into public.joint_fund_contributions (id, household_id, member_code, period, amount_cents, status, notes) values ('e71f6cf8-2b6b-4d61-9d56-072578d2a623', '00000000-0000-0000-0000-0000000000aa', 'JC', '2026-07-01', 247000, 'pending', null);

-- expense_categories (6 rows)
insert into public.expense_categories (id, household_id, name, sort_order, created_at) values ('bc4114a4-3fdf-4608-8b8e-6e45f055ed53', '00000000-0000-0000-0000-0000000000aa', 'Groceries', 0, '2026-07-06T13:12:56.050732+00:00');
insert into public.expense_categories (id, household_id, name, sort_order, created_at) values ('37ec56f2-35b2-409b-84b0-f63fa618e167', '00000000-0000-0000-0000-0000000000aa', 'Milk Powder', 1, '2026-07-06T13:13:20.258666+00:00');
insert into public.expense_categories (id, household_id, name, sort_order, created_at) values ('66973b3d-ac39-4a20-a55f-001cf47837bf', '00000000-0000-0000-0000-0000000000aa', 'Diapers', 2, '2026-07-06T13:13:46.397024+00:00');
insert into public.expense_categories (id, household_id, name, sort_order, created_at) values ('ced91ab2-fbb4-4b06-8514-dd150e30e2e4', '00000000-0000-0000-0000-0000000000aa', 'Clothes', 3, '2026-07-06T13:13:57.192609+00:00');
insert into public.expense_categories (id, household_id, name, sort_order, created_at) values ('a52e2cca-d888-4f6d-a083-09df11d23732', '00000000-0000-0000-0000-0000000000aa', 'Food & Drink', 4, '2026-07-06T13:14:26.843641+00:00');
insert into public.expense_categories (id, household_id, name, sort_order, created_at) values ('e4db19ec-e47c-4be0-91cf-37d35bfc66c4', '00000000-0000-0000-0000-0000000000aa', 'Toys', 5, '2026-07-06T13:14:49.125532+00:00');

-- vendors (8 rows)
insert into public.vendors (id, household_id, name, sort_order, created_at) values ('43e81c0b-3ba9-4622-9a18-8948a7ca8c0d', '00000000-0000-0000-0000-0000000000aa', 'Aeon', 0, '2026-07-06T13:03:27.380626+00:00');
insert into public.vendors (id, household_id, name, sort_order, created_at) values ('e596a363-17b1-45de-94e1-e1fc713b81d2', '00000000-0000-0000-0000-0000000000aa', 'Eco', 0, '2026-07-06T13:03:27.380626+00:00');
insert into public.vendors (id, household_id, name, sort_order, created_at) values ('26268342-7dcb-4506-b0bc-cfe60b0c9214', '00000000-0000-0000-0000-0000000000aa', 'Jaya Grocer', 0, '2026-07-06T13:03:27.380626+00:00');
insert into public.vendors (id, household_id, name, sort_order, created_at) values ('6d7d5149-9472-419f-9c56-8e75765f008a', '00000000-0000-0000-0000-0000000000aa', 'Lotus', 0, '2026-07-06T13:03:27.380626+00:00');
insert into public.vendors (id, household_id, name, sort_order, created_at) values ('df6cb3c2-27d9-4e62-9263-e3fc76a92929', '00000000-0000-0000-0000-0000000000aa', 'Retail', 0, '2026-07-06T13:03:27.380626+00:00');
insert into public.vendors (id, household_id, name, sort_order, created_at) values ('35e772ff-253e-4bcd-bffb-4eafddc25210', '00000000-0000-0000-0000-0000000000aa', 'Shopee', 0, '2026-07-06T13:03:27.380626+00:00');
insert into public.vendors (id, household_id, name, sort_order, created_at) values ('398d64a1-781c-433e-8e12-82a4b6c7fcb0', '00000000-0000-0000-0000-0000000000aa', 'Sunshine', 0, '2026-07-06T13:03:27.380626+00:00');
insert into public.vendors (id, household_id, name, sort_order, created_at) values ('a8cf3ee2-25bc-45dc-a801-0699ad63d66d', '00000000-0000-0000-0000-0000000000aa', 'Taobao', 0, '2026-07-06T13:03:27.380626+00:00');

-- locations (8 rows)
insert into public.locations (id, household_id, name, sort_order, created_at) values ('728e5a04-6818-4c99-b7ac-8b5cbd13b949', '00000000-0000-0000-0000-0000000000aa', 'Bayana', 0, '2026-07-06T13:03:27.380626+00:00');
insert into public.locations (id, household_id, name, sort_order, created_at) values ('9568c829-a59c-4dba-83d6-d2e1057cfd36', '00000000-0000-0000-0000-0000000000aa', 'Billion', 0, '2026-07-06T13:03:27.380626+00:00');
insert into public.locations (id, household_id, name, sort_order, created_at) values ('7fc164b8-f1fc-498b-9ae2-d1b7c4abacf8', '00000000-0000-0000-0000-0000000000aa', 'Gurney Plaza', 0, '2026-07-06T13:03:27.380626+00:00');
insert into public.locations (id, household_id, name, sort_order, created_at) values ('5b0f968f-bcbc-4042-9763-c99c3972ce5c', '00000000-0000-0000-0000-0000000000aa', 'Ipoh Parade', 0, '2026-07-06T13:03:27.380626+00:00');
insert into public.locations (id, household_id, name, sort_order, created_at) values ('76457721-2df0-4339-b509-d438961b7cfc', '00000000-0000-0000-0000-0000000000aa', 'Queensbay', 0, '2026-07-06T13:03:27.380626+00:00');
insert into public.locations (id, household_id, name, sort_order, created_at) values ('4721d297-b10b-4feb-922f-e50e7579b78d', '00000000-0000-0000-0000-0000000000aa', 'Seberang Jaya', 0, '2026-07-06T13:03:27.380626+00:00');
insert into public.locations (id, household_id, name, sort_order, created_at) values ('93bb5b0c-ed65-49c6-a7d7-dec480ea46d2', '00000000-0000-0000-0000-0000000000aa', 'Sunshine Square', 0, '2026-07-06T13:03:27.380626+00:00');
insert into public.locations (id, household_id, name, sort_order, created_at) values ('3f9497d0-1d2b-4ecb-8e2b-33f53af91d66', '00000000-0000-0000-0000-0000000000aa', 'Sunway Carnival', 0, '2026-07-06T13:03:27.380626+00:00');

-- recurring_funds (14 rows)
insert into public.recurring_funds (id, household_id, member_code, name, amount_cents, remark, sort_order) values ('4d5cfa18-3c00-4f5c-bc18-b9a5badc4f82', '00000000-0000-0000-0000-0000000000aa', 'CH', 'House', 104500, null, 0);
insert into public.recurring_funds (id, household_id, member_code, name, amount_cents, remark, sort_order) values ('8182cf24-4711-4682-b640-6d8f52604632', '00000000-0000-0000-0000-0000000000aa', 'JC', 'House', 104500, null, 0);
insert into public.recurring_funds (id, household_id, member_code, name, amount_cents, remark, sort_order) values ('2e4714ff-942d-4830-9558-883acb76375f', '00000000-0000-0000-0000-0000000000aa', 'CH', 'Emergency fund', 50000, null, 0);
insert into public.recurring_funds (id, household_id, member_code, name, amount_cents, remark, sort_order) values ('e7a4164c-0568-41ce-b252-668b4a496120', '00000000-0000-0000-0000-0000000000aa', 'JC', 'Emergency fund', 50000, null, 0);
insert into public.recurring_funds (id, household_id, member_code, name, amount_cents, remark, sort_order) values ('93c7eca7-6bc6-4e5a-853f-e4d0171ef4d6', '00000000-0000-0000-0000-0000000000aa', 'CH', 'Leo insurance', 15000, null, 0);
insert into public.recurring_funds (id, household_id, member_code, name, amount_cents, remark, sort_order) values ('67857924-1fd9-4e64-a830-b5d23f0b9fa2', '00000000-0000-0000-0000-0000000000aa', 'JC', 'Leo insurance', 15000, null, 0);
insert into public.recurring_funds (id, household_id, member_code, name, amount_cents, remark, sort_order) values ('ac4d719a-0c3e-44a4-bf69-e4c37d1fe8ca', '00000000-0000-0000-0000-0000000000aa', 'CH', 'Leo food + diapers', 30000, null, 0);
insert into public.recurring_funds (id, household_id, member_code, name, amount_cents, remark, sort_order) values ('137add98-4358-4530-9f38-f2bb857561ab', '00000000-0000-0000-0000-0000000000aa', 'JC', 'Leo food + diapers', 30000, null, 0);
insert into public.recurring_funds (id, household_id, member_code, name, amount_cents, remark, sort_order) values ('d4f2b81d-3d31-47a3-bb73-e94275df4647', '00000000-0000-0000-0000-0000000000aa', 'CH', 'Leo clothes', 2500, null, 0);
insert into public.recurring_funds (id, household_id, member_code, name, amount_cents, remark, sort_order) values ('7a10a6ae-1829-4f1c-9a69-44da5366bebd', '00000000-0000-0000-0000-0000000000aa', 'JC', 'Leo clothes', 2500, null, 0);
insert into public.recurring_funds (id, household_id, member_code, name, amount_cents, remark, sort_order) values ('16eadc44-bf43-4e87-8869-65d16041cb73', '00000000-0000-0000-0000-0000000000aa', 'CH', 'Leo sick fund', 5000, null, 0);
insert into public.recurring_funds (id, household_id, member_code, name, amount_cents, remark, sort_order) values ('5b8e8271-9edb-41d6-82e4-6b0789fdf041', '00000000-0000-0000-0000-0000000000aa', 'JC', 'Leo sick fund', 5000, null, 0);
insert into public.recurring_funds (id, household_id, member_code, name, amount_cents, remark, sort_order) values ('1bcc48ad-0068-4c05-aea6-8fecb78db5fe', '00000000-0000-0000-0000-0000000000aa', 'CH', 'Food', 20000, 'Lunch outside', 0);
insert into public.recurring_funds (id, household_id, member_code, name, amount_cents, remark, sort_order) values ('a7934bcc-72e8-4dea-81b8-57fb5e15d525', '00000000-0000-0000-0000-0000000000aa', 'JC', 'Food', 40000, null, 0);

-- asset_categories (7 rows)
insert into public.asset_categories (id, household_id, asset_type, name, sort_order, created_at) values ('0d8240ec-0cca-4487-8aa3-cbaea7cd1294', '00000000-0000-0000-0000-0000000000aa', 'investment', 'Scheduled Payment', 0, '2026-07-09T07:45:20.910104+00:00');
insert into public.asset_categories (id, household_id, asset_type, name, sort_order, created_at) values ('0a2f0664-b85e-464a-a5ec-0aca3d5540bf', '00000000-0000-0000-0000-0000000000aa', 'vehicle', 'Road Tax Insurance', 0, '2026-07-09T07:45:20.910104+00:00');
insert into public.asset_categories (id, household_id, asset_type, name, sort_order, created_at) values ('732b521c-6b04-4f8d-b9cd-45abf175c5ef', '00000000-0000-0000-0000-0000000000aa', 'property', 'Bill', 0, '2026-07-09T07:45:20.910104+00:00');
insert into public.asset_categories (id, household_id, asset_type, name, sort_order, created_at) values ('ad4aec92-85d4-4aff-9392-d324ef46cf26', '00000000-0000-0000-0000-0000000000aa', 'property', 'Monthly Commitment', 0, '2026-07-09T07:45:20.910104+00:00');
insert into public.asset_categories (id, household_id, asset_type, name, sort_order, created_at) values ('32ba391e-392b-4329-bf85-e54dd75ad328', '00000000-0000-0000-0000-0000000000aa', 'vehicle', 'Loan', 0, '2026-07-09T07:45:20.910104+00:00');
insert into public.asset_categories (id, household_id, asset_type, name, sort_order, created_at) values ('53040fdb-a924-4b91-9260-652210e2d446', '00000000-0000-0000-0000-0000000000aa', 'vehicle', 'Loan Payback', 0, '2026-07-09T07:45:20.910104+00:00');
insert into public.asset_categories (id, household_id, asset_type, name, sort_order, created_at) values ('1abfe289-96c1-44ee-ac30-8d3c20876827', '00000000-0000-0000-0000-0000000000aa', 'vehicle', 'Maintenance', 0, '2026-07-09T07:45:20.910104+00:00');

-- assets (5 rows)
insert into public.assets (id, household_id, type, name, owner_member_code, status, opening_balance_cents, metadata, sort_order, created_at) values ('00000000-0000-0000-0000-0000000000b2', '00000000-0000-0000-0000-0000000000aa', 'vehicle', 'Myvi PQC 9059', null, 'active', null, '{}'::jsonb, 0, '2026-07-04T09:21:13.86138+00:00');
insert into public.assets (id, household_id, type, name, owner_member_code, status, opening_balance_cents, metadata, sort_order, created_at) values ('00000000-0000-0000-0000-0000000000b3', '00000000-0000-0000-0000-0000000000aa', 'vehicle', 'Alza PNM 9059', null, 'active', null, '{}'::jsonb, 0, '2026-07-04T09:21:13.86138+00:00');
insert into public.assets (id, household_id, type, name, owner_member_code, status, opening_balance_cents, metadata, sort_order, created_at) values ('00000000-0000-0000-0000-0000000000b4', '00000000-0000-0000-0000-0000000000aa', 'investment', 'AIA — CH', 'CH', 'active', null, '{}'::jsonb, 0, '2026-07-04T09:21:13.86138+00:00');
insert into public.assets (id, household_id, type, name, owner_member_code, status, opening_balance_cents, metadata, sort_order, created_at) values ('00000000-0000-0000-0000-0000000000b5', '00000000-0000-0000-0000-0000000000aa', 'investment', 'AIA — JC', 'JC', 'active', null, '{}'::jsonb, 0, '2026-07-04T09:21:13.86138+00:00');
insert into public.assets (id, household_id, type, name, owner_member_code, status, opening_balance_cents, metadata, sort_order, created_at) values ('00000000-0000-0000-0000-0000000000b1', '00000000-0000-0000-0000-0000000000aa', 'property', 'TreeO', null, 'active', 4601381, '{"address": "", "monthlyCommitmentCents": 197058}'::jsonb, 0, '2026-07-04T09:21:13.86138+00:00');

-- monthly_commitments (8 rows)
insert into public.monthly_commitments (id, household_id, amount_cents, remark, sort_order, asset_id, name) values ('b87cd0fb-d721-4177-ab4e-9b01e413956f', '00000000-0000-0000-0000-0000000000aa', 149300, 'year 2026', 0, '00000000-0000-0000-0000-0000000000b1', 'House installment');
insert into public.monthly_commitments (id, household_id, amount_cents, remark, sort_order, asset_id, name) values ('fe534074-9664-45ec-a225-fd7a0bfd71b5', '00000000-0000-0000-0000-0000000000aa', 21320, null, 0, '00000000-0000-0000-0000-0000000000b1', 'House maintenance');
insert into public.monthly_commitments (id, household_id, amount_cents, remark, sort_order, asset_id, name) values ('e396ea17-f3bd-4c1b-a541-27c19ab6fe32', '00000000-0000-0000-0000-0000000000aa', 5000, null, 0, '00000000-0000-0000-0000-0000000000b1', 'LG water purifier');
insert into public.monthly_commitments (id, household_id, amount_cents, remark, sort_order, asset_id, name) values ('90566206-e0ce-45a1-bbcb-571fd4f17d40', '00000000-0000-0000-0000-0000000000aa', 4000, null, 0, '00000000-0000-0000-0000-0000000000b1', 'LG air purifier');
insert into public.monthly_commitments (id, household_id, amount_cents, remark, sort_order, asset_id, name) values ('aab06aef-5aac-4741-9b16-dc6e3dc1ffb4', '00000000-0000-0000-0000-0000000000aa', 6944, null, 0, '00000000-0000-0000-0000-0000000000b1', 'Outdoor water filter');
insert into public.monthly_commitments (id, household_id, amount_cents, remark, sort_order, asset_id, name) values ('a574ddd9-71b0-467c-9875-7c428bbf9282', '00000000-0000-0000-0000-0000000000aa', 10494, '500 mpbs for 6 months', 0, '00000000-0000-0000-0000-0000000000b1', 'Time Fibre Internet');
insert into public.monthly_commitments (id, household_id, amount_cents, remark, sort_order, asset_id, name) values ('de259c20-18d0-4532-adee-538e5868b793', '00000000-0000-0000-0000-0000000000aa', 12000, 'Estimate', 0, '00000000-0000-0000-0000-0000000000b1', 'Electric Bill');
insert into public.monthly_commitments (id, household_id, amount_cents, remark, sort_order, asset_id, name) values ('177a2fd6-16a2-4030-9e10-c6d689fbeb77', '00000000-0000-0000-0000-0000000000aa', 1500, 'Estimate', 0, '00000000-0000-0000-0000-0000000000b1', 'Water Bill');

-- expenses (80 rows)
insert into public.expenses (id, household_id, date, details, amount_cents, paid_by, created_by, created_at, category_id, vendor_id, location_id) values ('af011d9c-4973-4dbc-97ea-cefd2300bfdf', '00000000-0000-0000-0000-0000000000aa', '2026-01-01', 'Taobao, milk powder, Leo辅食', 125265, null, null, '2026-07-04T09:21:13.86138+00:00', null, 'df6cb3c2-27d9-4e62-9263-e3fc76a92929', null);
insert into public.expenses (id, household_id, date, details, amount_cents, paid_by, created_by, created_at, category_id, vendor_id, location_id) values ('400d9f12-4e40-4074-b661-28054806ad06', '00000000-0000-0000-0000-0000000000aa', '2026-01-01', 'Grocery, meal', 19395, null, null, '2026-07-04T09:21:13.86138+00:00', null, 'df6cb3c2-27d9-4e62-9263-e3fc76a92929', null);
insert into public.expenses (id, household_id, date, details, amount_cents, paid_by, created_by, created_at, category_id, vendor_id, location_id) values ('b2aec084-b960-4f52-9a3e-da6d4d2e2dca', '00000000-0000-0000-0000-0000000000aa', '2026-01-01', 'Grocery', 15500, null, null, '2026-07-04T09:21:13.86138+00:00', null, 'df6cb3c2-27d9-4e62-9263-e3fc76a92929', null);
insert into public.expenses (id, household_id, date, details, amount_cents, paid_by, created_by, created_at, category_id, vendor_id, location_id) values ('6ec5d85a-c926-46df-820f-15ad2750f1ce', '00000000-0000-0000-0000-0000000000aa', '2026-01-01', 'Leo Shirt, toys', 24000, null, null, '2026-07-04T09:21:13.86138+00:00', null, 'df6cb3c2-27d9-4e62-9263-e3fc76a92929', null);
insert into public.expenses (id, household_id, date, details, amount_cents, paid_by, created_by, created_at, category_id, vendor_id, location_id) values ('0fccd6d3-794a-4f89-a388-7f03da813136', '00000000-0000-0000-0000-0000000000aa', '2026-01-01', 'Meat', 5200, 'CH', null, '2026-07-04T09:21:13.86138+00:00', null, 'df6cb3c2-27d9-4e62-9263-e3fc76a92929', null);
insert into public.expenses (id, household_id, date, details, amount_cents, paid_by, created_by, created_at, category_id, vendor_id, location_id) values ('632eed70-193e-42c5-819a-c7a03f7403e9', '00000000-0000-0000-0000-0000000000aa', '2026-01-03', 'Grocery, meal', 13015, null, null, '2026-07-04T09:21:13.86138+00:00', null, 'df6cb3c2-27d9-4e62-9263-e3fc76a92929', null);
insert into public.expenses (id, household_id, date, details, amount_cents, paid_by, created_by, created_at, category_id, vendor_id, location_id) values ('f0c865d5-28ed-42bf-922b-36d4cb0c4417', '00000000-0000-0000-0000-0000000000aa', '2026-01-03', 'New year clothes', 18900, 'JC', null, '2026-07-04T09:21:13.86138+00:00', 'ced91ab2-fbb4-4b06-8514-dd150e30e2e4', 'df6cb3c2-27d9-4e62-9263-e3fc76a92929', null);
insert into public.expenses (id, household_id, date, details, amount_cents, paid_by, created_by, created_at, category_id, vendor_id, location_id) values ('19633bf8-c118-4a4b-a671-263a5f87d4c0', '00000000-0000-0000-0000-0000000000aa', '2026-01-08', 'Leo shampoo and sauce for Salmon', 5073, null, null, '2026-07-04T09:21:13.86138+00:00', null, 'df6cb3c2-27d9-4e62-9263-e3fc76a92929', null);
insert into public.expenses (id, household_id, date, details, amount_cents, paid_by, created_by, created_at, category_id, vendor_id, location_id) values ('4e9ead40-fdee-46ee-84be-f8dec562c688', '00000000-0000-0000-0000-0000000000aa', '2026-01-08', 'diaper, milk, candy', 4200, null, null, '2026-07-04T09:21:13.86138+00:00', null, 'df6cb3c2-27d9-4e62-9263-e3fc76a92929', null);
insert into public.expenses (id, household_id, date, details, amount_cents, paid_by, created_by, created_at, category_id, vendor_id, location_id) values ('3e8582b4-90aa-4392-8c01-22ba98a09f42', '00000000-0000-0000-0000-0000000000aa', '2026-01-14', 'Huggies', 5400, null, null, '2026-07-04T09:21:13.86138+00:00', null, 'df6cb3c2-27d9-4e62-9263-e3fc76a92929', null);
insert into public.expenses (id, household_id, date, details, amount_cents, paid_by, created_by, created_at, category_id, vendor_id, location_id) values ('0f063b24-1821-41d9-8538-49554cc24d0d', '00000000-0000-0000-0000-0000000000aa', '2026-01-21', 'Grocery, meals', 7400, null, null, '2026-07-04T09:21:13.86138+00:00', null, 'df6cb3c2-27d9-4e62-9263-e3fc76a92929', null);
insert into public.expenses (id, household_id, date, details, amount_cents, paid_by, created_by, created_at, category_id, vendor_id, location_id) values ('a602fb92-e5a0-4b89-9cd0-339bf750f3e9', '00000000-0000-0000-0000-0000000000aa', '2026-01-30', 'Grocery, meals', 22900, null, null, '2026-07-04T09:21:13.86138+00:00', null, 'df6cb3c2-27d9-4e62-9263-e3fc76a92929', null);
insert into public.expenses (id, household_id, date, details, amount_cents, paid_by, created_by, created_at, category_id, vendor_id, location_id) values ('45efa200-5ec2-4e2b-99a2-f15e8a941a34', '00000000-0000-0000-0000-0000000000aa', '2026-02-01', 'Laksa', 2400, null, null, '2026-07-04T09:21:13.86138+00:00', null, 'df6cb3c2-27d9-4e62-9263-e3fc76a92929', null);
insert into public.expenses (id, household_id, date, details, amount_cents, paid_by, created_by, created_at, category_id, vendor_id, location_id) values ('204552a6-7441-4d4d-b804-f29823b7859d', '00000000-0000-0000-0000-0000000000aa', '2026-02-07', 'Grocery, meals', 15330, null, null, '2026-07-04T09:21:13.86138+00:00', null, 'df6cb3c2-27d9-4e62-9263-e3fc76a92929', null);
insert into public.expenses (id, household_id, date, details, amount_cents, paid_by, created_by, created_at, category_id, vendor_id, location_id) values ('977d86d9-28e9-495b-a4ba-55c1e5452089', '00000000-0000-0000-0000-0000000000aa', '2026-02-07', 'Fruit & vege', 700, null, null, '2026-07-04T09:21:13.86138+00:00', null, 'df6cb3c2-27d9-4e62-9263-e3fc76a92929', null);
insert into public.expenses (id, household_id, date, details, amount_cents, paid_by, created_by, created_at, category_id, vendor_id, location_id) values ('a64d3531-32d6-431a-b0db-aef61736f208', '00000000-0000-0000-0000-0000000000aa', '2026-02-07', 'Leo shirt', 3000, null, null, '2026-07-04T09:21:13.86138+00:00', null, 'df6cb3c2-27d9-4e62-9263-e3fc76a92929', null);
insert into public.expenses (id, household_id, date, details, amount_cents, paid_by, created_by, created_at, category_id, vendor_id, location_id) values ('0d3f0aa4-62c0-49bc-92db-123d46be873a', '00000000-0000-0000-0000-0000000000aa', '2026-02-12', 'Meals', 1750, null, null, '2026-07-04T09:21:13.86138+00:00', null, 'df6cb3c2-27d9-4e62-9263-e3fc76a92929', null);
insert into public.expenses (id, household_id, date, details, amount_cents, paid_by, created_by, created_at, category_id, vendor_id, location_id) values ('9659fb73-d6c3-4681-b157-329b636d4a94', '00000000-0000-0000-0000-0000000000aa', '2026-02-19', 'Taobao', 34395, null, null, '2026-07-04T09:21:13.86138+00:00', null, 'a8cf3ee2-25bc-45dc-a801-0699ad63d66d', null);
insert into public.expenses (id, household_id, date, details, amount_cents, paid_by, created_by, created_at, category_id, vendor_id, location_id) values ('d56e5929-63bb-4b97-a7e3-3ee74a79498c', '00000000-0000-0000-0000-0000000000aa', '2026-02-19', 'Taobao', 35362, null, null, '2026-07-04T09:21:13.86138+00:00', null, 'a8cf3ee2-25bc-45dc-a801-0699ad63d66d', null);
insert into public.expenses (id, household_id, date, details, amount_cents, paid_by, created_by, created_at, category_id, vendor_id, location_id) values ('8cf57363-ae38-457a-8d5e-5881cb0ba7d5', '00000000-0000-0000-0000-0000000000aa', '2026-02-20', 'Grocery, meals', 24295, null, null, '2026-07-04T09:21:13.86138+00:00', null, 'df6cb3c2-27d9-4e62-9263-e3fc76a92929', null);
insert into public.expenses (id, household_id, date, details, amount_cents, paid_by, created_by, created_at, category_id, vendor_id, location_id) values ('d219e329-c992-4a40-adb9-c6f85c1271a2', '00000000-0000-0000-0000-0000000000aa', '2026-02-22', 'Taobao', 20047, null, null, '2026-07-04T09:21:13.86138+00:00', null, 'a8cf3ee2-25bc-45dc-a801-0699ad63d66d', null);
insert into public.expenses (id, household_id, date, details, amount_cents, paid_by, created_by, created_at, category_id, vendor_id, location_id) values ('90f0b6d6-2406-4223-b058-37cf2123d8a9', '00000000-0000-0000-0000-0000000000aa', '2026-02-28', 'Meals', 2400, null, null, '2026-07-04T09:21:13.86138+00:00', null, 'df6cb3c2-27d9-4e62-9263-e3fc76a92929', null);
insert into public.expenses (id, household_id, date, details, amount_cents, paid_by, created_by, created_at, category_id, vendor_id, location_id) values ('e26d53a2-0216-4747-b1d8-48338d2f65bb', '00000000-0000-0000-0000-0000000000aa', '2026-03-01', 'Grocery', 7200, null, null, '2026-07-04T09:21:13.86138+00:00', null, 'df6cb3c2-27d9-4e62-9263-e3fc76a92929', null);
insert into public.expenses (id, household_id, date, details, amount_cents, paid_by, created_by, created_at, category_id, vendor_id, location_id) values ('daed3d54-6522-413a-8f8c-f98a1b572fce', '00000000-0000-0000-0000-0000000000aa', '2026-03-01', 'Leo shirt, snack, bottle ', 16000, null, null, '2026-07-04T09:21:13.86138+00:00', null, 'df6cb3c2-27d9-4e62-9263-e3fc76a92929', null);
insert into public.expenses (id, household_id, date, details, amount_cents, paid_by, created_by, created_at, category_id, vendor_id, location_id) values ('1920b94e-6abc-4ef1-9f9c-982a7378c0d9', '00000000-0000-0000-0000-0000000000aa', '2026-03-03', 'smart plug socket, Toys', 7000, null, null, '2026-07-04T09:21:13.86138+00:00', null, '35e772ff-253e-4bcd-bffb-4eafddc25210', null);
insert into public.expenses (id, household_id, date, details, amount_cents, paid_by, created_by, created_at, category_id, vendor_id, location_id) values ('93edbda3-c42b-4cf2-b658-33060bdc6b29', '00000000-0000-0000-0000-0000000000aa', '2026-03-03', 'Taobao', 15980, null, null, '2026-07-04T09:21:13.86138+00:00', null, 'a8cf3ee2-25bc-45dc-a801-0699ad63d66d', null);
insert into public.expenses (id, household_id, date, details, amount_cents, paid_by, created_by, created_at, category_id, vendor_id, location_id) values ('ff2d0776-de7e-46af-9b76-66bfdcbd3836', '00000000-0000-0000-0000-0000000000aa', '2026-03-06', 'Grocery, meals, pacifier', 23262, null, null, '2026-07-04T09:21:13.86138+00:00', null, 'df6cb3c2-27d9-4e62-9263-e3fc76a92929', null);
insert into public.expenses (id, household_id, date, details, amount_cents, paid_by, created_by, created_at, category_id, vendor_id, location_id) values ('8942b101-9729-4804-8ea4-de0d7006422e', '00000000-0000-0000-0000-0000000000aa', '2026-03-08', 'Taobao', 14466, null, null, '2026-07-04T09:21:13.86138+00:00', null, 'a8cf3ee2-25bc-45dc-a801-0699ad63d66d', null);
insert into public.expenses (id, household_id, date, details, amount_cents, paid_by, created_by, created_at, category_id, vendor_id, location_id) values ('4c2cde0e-1f74-4f75-8dd7-dcf2a652812c', '00000000-0000-0000-0000-0000000000aa', '2026-03-08', 'Diapers, biscuits', 5500, null, null, '2026-07-04T09:21:13.86138+00:00', null, 'df6cb3c2-27d9-4e62-9263-e3fc76a92929', null);
insert into public.expenses (id, household_id, date, details, amount_cents, paid_by, created_by, created_at, category_id, vendor_id, location_id) values ('f5dd2494-060c-44e3-903e-4dc96c4c6a7e', '00000000-0000-0000-0000-0000000000aa', '2026-03-11', 'Taobao', 16475, null, null, '2026-07-04T09:21:13.86138+00:00', null, 'a8cf3ee2-25bc-45dc-a801-0699ad63d66d', null);
insert into public.expenses (id, household_id, date, details, amount_cents, paid_by, created_by, created_at, category_id, vendor_id, location_id) values ('09984b4a-8f82-4d8d-a9aa-2adf3f815c19', '00000000-0000-0000-0000-0000000000aa', '2026-03-14', 'Fruit, Milk Powder, snack, timer, milk bottle', 41100, null, null, '2026-07-04T09:21:13.86138+00:00', null, 'df6cb3c2-27d9-4e62-9263-e3fc76a92929', null);
insert into public.expenses (id, household_id, date, details, amount_cents, paid_by, created_by, created_at, category_id, vendor_id, location_id) values ('60926bd6-f2ff-4555-b829-32f0c1c9366d', '00000000-0000-0000-0000-0000000000aa', '2026-03-15', 'Meals, Mr diy socket', 7680, null, null, '2026-07-04T09:21:13.86138+00:00', null, 'df6cb3c2-27d9-4e62-9263-e3fc76a92929', null);
insert into public.expenses (id, household_id, date, details, amount_cents, paid_by, created_by, created_at, category_id, vendor_id, location_id) values ('7e2b7d14-c8b6-4187-b57e-95fabe634bed', '00000000-0000-0000-0000-0000000000aa', '2026-03-20', 'Meals', 2400, null, null, '2026-07-04T09:21:13.86138+00:00', null, 'df6cb3c2-27d9-4e62-9263-e3fc76a92929', null);
insert into public.expenses (id, household_id, date, details, amount_cents, paid_by, created_by, created_at, category_id, vendor_id, location_id) values ('34ea7e12-b110-4970-8878-1d83cf80129d', '00000000-0000-0000-0000-0000000000aa', '2026-03-23', 'Meals', 1400, null, null, '2026-07-04T09:21:13.86138+00:00', null, 'df6cb3c2-27d9-4e62-9263-e3fc76a92929', null);
insert into public.expenses (id, household_id, date, details, amount_cents, paid_by, created_by, created_at, category_id, vendor_id, location_id) values ('371d0101-3c5b-4754-b2d0-ea19f744fbc7', '00000000-0000-0000-0000-0000000000aa', '2026-03-27', 'Leo shirt (not yet receive)', 16300, null, null, '2026-07-04T09:21:13.86138+00:00', null, null, null);
insert into public.expenses (id, household_id, date, details, amount_cents, paid_by, created_by, created_at, category_id, vendor_id, location_id) values ('aaf2433b-7e6d-46c7-82c5-47fcd30a196b', '00000000-0000-0000-0000-0000000000aa', '2026-03-29', 'Grocery ', 14535, null, null, '2026-07-04T09:21:13.86138+00:00', null, null, null);
insert into public.expenses (id, household_id, date, details, amount_cents, paid_by, created_by, created_at, category_id, vendor_id, location_id) values ('4437a52b-5f72-4be2-8983-90b81f058767', '00000000-0000-0000-0000-0000000000aa', '2026-03-29', 'Leo book', 4820, null, null, '2026-07-04T09:21:13.86138+00:00', null, null, null);
insert into public.expenses (id, household_id, date, details, amount_cents, paid_by, created_by, created_at, category_id, vendor_id, location_id) values ('aa82ac80-9a25-43b4-a77c-428d09930a57', '00000000-0000-0000-0000-0000000000aa', '2026-03-29', 'Meal', 12510, null, null, '2026-07-04T09:21:13.86138+00:00', null, null, null);
insert into public.expenses (id, household_id, date, details, amount_cents, paid_by, created_by, created_at, category_id, vendor_id, location_id) values ('cc8a7c6b-c973-4292-88d8-d04a2e55df52', '00000000-0000-0000-0000-0000000000aa', '2026-04-03', 'Leo shirt and snack', 5424, null, null, '2026-07-04T09:21:13.86138+00:00', null, null, null);
insert into public.expenses (id, household_id, date, details, amount_cents, paid_by, created_by, created_at, category_id, vendor_id, location_id) values ('8a0ece2c-cedd-4d7f-88be-14101f194c45', '00000000-0000-0000-0000-0000000000aa', '2026-04-04', 'Leo cake flour', 1590, null, null, '2026-07-04T09:21:13.86138+00:00', null, null, null);
insert into public.expenses (id, household_id, date, details, amount_cents, paid_by, created_by, created_at, category_id, vendor_id, location_id) values ('6ae71bb2-c232-4add-958b-34c38a92b0e2', '00000000-0000-0000-0000-0000000000aa', '2026-04-04', 'Tapo Vacuum Robot', 162604, null, null, '2026-07-04T09:21:13.86138+00:00', null, '35e772ff-253e-4bcd-bffb-4eafddc25210', null);
insert into public.expenses (id, household_id, date, details, amount_cents, paid_by, created_by, created_at, category_id, vendor_id, location_id) values ('6c845ef7-2bfd-464d-9136-242a4d1bc693', '00000000-0000-0000-0000-0000000000aa', '2026-04-06', 'Leo shower stand + rice puff', 7975, null, null, '2026-07-04T09:21:13.86138+00:00', null, '35e772ff-253e-4bcd-bffb-4eafddc25210', null);
insert into public.expenses (id, household_id, date, details, amount_cents, paid_by, created_by, created_at, category_id, vendor_id, location_id) values ('1bcb21f5-bd4f-492a-9d30-4ff616870350', '00000000-0000-0000-0000-0000000000aa', '2026-04-09', 'Leo head protection hat', 3317, null, null, '2026-07-04T09:21:13.86138+00:00', null, '35e772ff-253e-4bcd-bffb-4eafddc25210', null);
insert into public.expenses (id, household_id, date, details, amount_cents, paid_by, created_by, created_at, category_id, vendor_id, location_id) values ('347695d0-4ab4-4040-9b8d-d163fc6247f3', '00000000-0000-0000-0000-0000000000aa', '2026-04-11', 'Pasar grocery ', 2500, null, null, '2026-07-04T09:21:13.86138+00:00', null, null, null);
insert into public.expenses (id, household_id, date, details, amount_cents, paid_by, created_by, created_at, category_id, vendor_id, location_id) values ('6f1db8fd-95dc-4e62-9dc0-1f4ef51b27b5', '00000000-0000-0000-0000-0000000000aa', '2026-04-11', 'Kitchen Fan', 11800, null, null, '2026-07-04T09:21:13.86138+00:00', null, 'df6cb3c2-27d9-4e62-9263-e3fc76a92929', null);
insert into public.expenses (id, household_id, date, details, amount_cents, paid_by, created_by, created_at, category_id, vendor_id, location_id) values ('f63aebc9-c3ba-4a6b-93e6-a320bccf865f', '00000000-0000-0000-0000-0000000000aa', '2026-04-12', 'Meal ', 4100, null, null, '2026-07-04T09:21:13.86138+00:00', null, null, null);
insert into public.expenses (id, household_id, date, details, amount_cents, paid_by, created_by, created_at, category_id, vendor_id, location_id) values ('1cc0b11d-a1e8-4c41-8faa-c50a116d5027', '00000000-0000-0000-0000-0000000000aa', '2026-04-24', 'Bye Bye Blackhead cleanser + toilet brush + garbage bag', 4044, null, null, '2026-07-04T09:21:13.86138+00:00', null, '35e772ff-253e-4bcd-bffb-4eafddc25210', null);
insert into public.expenses (id, household_id, date, details, amount_cents, paid_by, created_by, created_at, category_id, vendor_id, location_id) values ('68e5e5d3-a83c-47e5-ad70-caa66cb251b1', '00000000-0000-0000-0000-0000000000aa', '2026-04-25', 'Biscuits and Leo snack', 6200, null, null, '2026-07-04T09:21:13.86138+00:00', null, null, null);
insert into public.expenses (id, household_id, date, details, amount_cents, paid_by, created_by, created_at, category_id, vendor_id, location_id) values ('d74e63c6-77e4-4131-9988-334b142dd421', '00000000-0000-0000-0000-0000000000aa', '2026-04-25', 'Bread and meal ', 2200, null, null, '2026-07-04T09:21:13.86138+00:00', null, null, null);
insert into public.expenses (id, household_id, date, details, amount_cents, paid_by, created_by, created_at, category_id, vendor_id, location_id) values ('53efe450-6dcc-48fc-8893-8f18292ef6da', '00000000-0000-0000-0000-0000000000aa', '2026-04-30', '2 weeks grocery and Leo birthday presents for kids', 41680, null, null, '2026-07-04T09:21:13.86138+00:00', null, '26268342-7dcb-4506-b0bc-cfe60b0c9214', null);
insert into public.expenses (id, household_id, date, details, amount_cents, paid_by, created_by, created_at, category_id, vendor_id, location_id) values ('d4dc235e-6b8a-485e-a686-2e75335a9483', '00000000-0000-0000-0000-0000000000aa', '2026-04-30', '2 week meal', 13840, null, null, '2026-07-04T09:21:13.86138+00:00', null, 'df6cb3c2-27d9-4e62-9263-e3fc76a92929', null);
insert into public.expenses (id, household_id, date, details, amount_cents, paid_by, created_by, created_at, category_id, vendor_id, location_id) values ('5b591970-f640-4a3a-8210-966e4a62f5da', '00000000-0000-0000-0000-0000000000aa', '2026-05-02', 'Grocery', 9540, null, null, '2026-07-04T09:21:13.86138+00:00', null, '26268342-7dcb-4506-b0bc-cfe60b0c9214', null);
insert into public.expenses (id, household_id, date, details, amount_cents, paid_by, created_by, created_at, category_id, vendor_id, location_id) values ('14497eb3-a1e0-4f86-b768-c2c9756c0fd1', '00000000-0000-0000-0000-0000000000aa', '2026-05-02', 'Lunch', 3350, null, null, '2026-07-04T09:21:13.86138+00:00', null, 'df6cb3c2-27d9-4e62-9263-e3fc76a92929', null);
insert into public.expenses (id, household_id, date, details, amount_cents, paid_by, created_by, created_at, category_id, vendor_id, location_id) values ('afb6215f-90f0-4075-8d8a-f5d28a0c61b1', '00000000-0000-0000-0000-0000000000aa', '2026-05-02', 'Leo shirt', 11500, null, null, '2026-07-04T09:21:13.86138+00:00', null, '35e772ff-253e-4bcd-bffb-4eafddc25210', null);
insert into public.expenses (id, household_id, date, details, amount_cents, paid_by, created_by, created_at, category_id, vendor_id, location_id) values ('34436cae-26bd-4b8c-b7c9-df8d38c69394', '00000000-0000-0000-0000-0000000000aa', '2026-05-09', 'grocery', 9475, null, null, '2026-07-04T09:21:13.86138+00:00', null, 'df6cb3c2-27d9-4e62-9263-e3fc76a92929', '9568c829-a59c-4dba-83d6-d2e1057cfd36');
insert into public.expenses (id, household_id, date, details, amount_cents, paid_by, created_by, created_at, category_id, vendor_id, location_id) values ('6954a1f4-37dc-4a09-83f1-6e99a2a5bcc4', '00000000-0000-0000-0000-0000000000aa', '2026-05-12', 'Taobao', 14801, null, null, '2026-07-04T09:21:13.86138+00:00', null, 'a8cf3ee2-25bc-45dc-a801-0699ad63d66d', null);
insert into public.expenses (id, household_id, date, details, amount_cents, paid_by, created_by, created_at, category_id, vendor_id, location_id) values ('d4c0c22d-9339-4b26-bc9e-724651dd9f5b', '00000000-0000-0000-0000-0000000000aa', '2026-05-15', 'Grocery', 1620, null, null, '2026-07-04T09:21:13.86138+00:00', null, '43e81c0b-3ba9-4622-9a18-8948a7ca8c0d', null);
insert into public.expenses (id, household_id, date, details, amount_cents, paid_by, created_by, created_at, category_id, vendor_id, location_id) values ('1c5f35b9-3b45-4f1f-9195-58108a844c77', '00000000-0000-0000-0000-0000000000aa', '2026-05-17', 'Diapers', 4999, null, null, '2026-07-04T09:21:13.86138+00:00', null, '35e772ff-253e-4bcd-bffb-4eafddc25210', null);
insert into public.expenses (id, household_id, date, details, amount_cents, paid_by, created_by, created_at, category_id, vendor_id, location_id) values ('f13bd5ac-bfed-46b5-86f0-b3958dcb710c', '00000000-0000-0000-0000-0000000000aa', '2026-05-18', 'Grocery', 5820, null, null, '2026-07-04T09:21:13.86138+00:00', null, '26268342-7dcb-4506-b0bc-cfe60b0c9214', '3f9497d0-1d2b-4ecb-8e2b-33f53af91d66');
insert into public.expenses (id, household_id, date, details, amount_cents, paid_by, created_by, created_at, category_id, vendor_id, location_id) values ('d61e4758-f705-4cfc-a662-973c1482d3fc', '00000000-0000-0000-0000-0000000000aa', '2026-05-22', 'toys', 1103, null, null, '2026-07-04T09:21:13.86138+00:00', null, '35e772ff-253e-4bcd-bffb-4eafddc25210', null);
insert into public.expenses (id, household_id, date, details, amount_cents, paid_by, created_by, created_at, category_id, vendor_id, location_id) values ('82f71dad-ecb4-474a-8f8e-a11f7a0ab75a', '00000000-0000-0000-0000-0000000000aa', '2026-05-22', 'Grocery', 3190, null, null, '2026-07-04T09:21:13.86138+00:00', null, '43e81c0b-3ba9-4622-9a18-8948a7ca8c0d', null);
insert into public.expenses (id, household_id, date, details, amount_cents, paid_by, created_by, created_at, category_id, vendor_id, location_id) values ('2d082ffb-00dd-47fd-9eb0-b9e6fbdd2a51', '00000000-0000-0000-0000-0000000000aa', '2026-05-23', 'Leo birthday decoration', 3900, null, null, '2026-07-04T09:21:13.86138+00:00', null, 'e596a363-17b1-45de-94e1-e1fc713b81d2', null);
insert into public.expenses (id, household_id, date, details, amount_cents, paid_by, created_by, created_at, category_id, vendor_id, location_id) values ('d615644a-61cc-4479-bb88-7aa028c0d9d6', '00000000-0000-0000-0000-0000000000aa', '2026-05-24', 'Ribena, diapers, similac', 30714, null, null, '2026-07-04T09:21:13.86138+00:00', null, '35e772ff-253e-4bcd-bffb-4eafddc25210', null);
insert into public.expenses (id, household_id, date, details, amount_cents, paid_by, created_by, created_at, category_id, vendor_id, location_id) values ('3195edd5-3fac-4fde-a438-e5def001abbb', '00000000-0000-0000-0000-0000000000aa', '2026-05-24', 'Grocery', 5205, null, null, '2026-07-04T09:21:13.86138+00:00', null, '398d64a1-781c-433e-8e12-82a4b6c7fcb0', null);
insert into public.expenses (id, household_id, date, details, amount_cents, paid_by, created_by, created_at, category_id, vendor_id, location_id) values ('0b508a1f-509f-480d-a32d-f48bd2ec0f41', '00000000-0000-0000-0000-0000000000aa', '2026-05-25', 'Grocery', 4350, null, null, '2026-07-04T09:21:13.86138+00:00', null, '26268342-7dcb-4506-b0bc-cfe60b0c9214', null);
insert into public.expenses (id, household_id, date, details, amount_cents, paid_by, created_by, created_at, category_id, vendor_id, location_id) values ('8ff4278f-84eb-4fbb-ac61-df78ca063104', '00000000-0000-0000-0000-0000000000aa', '2026-05-26', 'Grocery', 2970, null, null, '2026-07-04T09:21:13.86138+00:00', null, '26268342-7dcb-4506-b0bc-cfe60b0c9214', '5b0f968f-bcbc-4042-9763-c99c3972ce5c');
insert into public.expenses (id, household_id, date, details, amount_cents, paid_by, created_by, created_at, category_id, vendor_id, location_id) values ('3df2da23-8225-45f5-a3ca-3c3a67edd564', '00000000-0000-0000-0000-0000000000aa', '2026-05-28', 'Georgetown Pharmacy - Lip balm for Leo', 3510, null, null, '2026-07-04T09:21:13.86138+00:00', null, 'df6cb3c2-27d9-4e62-9263-e3fc76a92929', null);
insert into public.expenses (id, household_id, date, details, amount_cents, paid_by, created_by, created_at, category_id, vendor_id, location_id) values ('8a32606d-3ebb-43e9-ab97-22bda81cca68', '00000000-0000-0000-0000-0000000000aa', '2026-05-30', 'Grocery', 3975, null, null, '2026-07-04T09:21:13.86138+00:00', null, '43e81c0b-3ba9-4622-9a18-8948a7ca8c0d', '76457721-2df0-4339-b509-d438961b7cfc');
insert into public.expenses (id, household_id, date, details, amount_cents, paid_by, created_by, created_at, category_id, vendor_id, location_id) values ('c84ee20d-2d6c-41e3-adb3-85f507f83156', '00000000-0000-0000-0000-0000000000aa', '2026-05-31', 'Grocery (total:ikea recharg battery)', 40565, null, null, '2026-07-04T09:21:13.86138+00:00', null, 'df6cb3c2-27d9-4e62-9263-e3fc76a92929', null);
insert into public.expenses (id, household_id, date, details, amount_cents, paid_by, created_by, created_at, category_id, vendor_id, location_id) values ('9aea2274-97cb-438f-9d38-d35ea16c0398', '00000000-0000-0000-0000-0000000000aa', '2026-05-31', 'Grocery', 11750, null, null, '2026-07-04T09:21:13.86138+00:00', null, '26268342-7dcb-4506-b0bc-cfe60b0c9214', null);
insert into public.expenses (id, household_id, date, details, amount_cents, paid_by, created_by, created_at, category_id, vendor_id, location_id) values ('09e14e3b-d261-4687-a18b-2ab455955be4', '00000000-0000-0000-0000-0000000000aa', '2026-05-31', 'Meal (total)', 26740, null, null, '2026-07-04T09:21:13.86138+00:00', null, 'df6cb3c2-27d9-4e62-9263-e3fc76a92929', null);
insert into public.expenses (id, household_id, date, details, amount_cents, paid_by, created_by, created_at, category_id, vendor_id, location_id) values ('b53f556d-77a9-4638-b22f-de790cf6820a', '00000000-0000-0000-0000-0000000000aa', '2026-05-31', 'Grocery', 11750, null, null, '2026-07-04T09:21:13.86138+00:00', null, '26268342-7dcb-4506-b0bc-cfe60b0c9214', '728e5a04-6818-4c99-b7ac-8b5cbd13b949');
insert into public.expenses (id, household_id, date, details, amount_cents, paid_by, created_by, created_at, category_id, vendor_id, location_id) values ('ad132b5c-5206-4ff6-98fb-4ad1cab7e35b', '00000000-0000-0000-0000-0000000000aa', '2026-06-03', 'Grocery', 2950, null, null, '2026-07-04T09:21:13.86138+00:00', null, '43e81c0b-3ba9-4622-9a18-8948a7ca8c0d', '76457721-2df0-4339-b509-d438961b7cfc');
insert into public.expenses (id, household_id, date, details, amount_cents, paid_by, created_by, created_at, category_id, vendor_id, location_id) values ('c6b6005e-06b3-4cd9-b037-6fc72bcd6651', '00000000-0000-0000-0000-0000000000aa', '2026-06-04', 'Switch 99 x 3', 29700, null, null, '2026-07-04T09:21:13.86138+00:00', null, 'df6cb3c2-27d9-4e62-9263-e3fc76a92929', '7fc164b8-f1fc-498b-9ae2-d1b7c4abacf8');
insert into public.expenses (id, household_id, date, details, amount_cents, paid_by, created_by, created_at, category_id, vendor_id, location_id) values ('b1b26d32-75b8-463a-820c-42748494f7bc', '00000000-0000-0000-0000-0000000000aa', '2026-06-05', null, 11230, null, null, '2026-07-04T09:21:13.86138+00:00', 'bc4114a4-3fdf-4608-8b8e-6e45f055ed53', '398d64a1-781c-433e-8e12-82a4b6c7fcb0', '93bb5b0c-ed65-49c6-a7d7-dec480ea46d2');
insert into public.expenses (id, household_id, date, details, amount_cents, paid_by, created_by, created_at, category_id, vendor_id, location_id) values ('ad822dd4-e7f1-4f70-901c-e9c54352ae76', '00000000-0000-0000-0000-0000000000aa', '2026-06-09', null, 3380, null, null, '2026-07-04T09:21:13.86138+00:00', null, '43e81c0b-3ba9-4622-9a18-8948a7ca8c0d', '76457721-2df0-4339-b509-d438961b7cfc');
insert into public.expenses (id, household_id, date, details, amount_cents, paid_by, created_by, created_at, category_id, vendor_id, location_id) values ('a325a6d4-55fe-477a-aa1a-d1c7ae83f8cc', '00000000-0000-0000-0000-0000000000aa', '2026-06-10', 'Milk Powder + Leo snacks', 7133, null, null, '2026-07-04T09:21:13.86138+00:00', null, '35e772ff-253e-4bcd-bffb-4eafddc25210', null);
insert into public.expenses (id, household_id, date, details, amount_cents, paid_by, created_by, created_at, category_id, vendor_id, location_id) values ('69174554-c0fd-4a58-b82b-e589dfd96ccc', '00000000-0000-0000-0000-0000000000aa', '2026-06-16', null, 4510, null, null, '2026-07-04T09:21:13.86138+00:00', null, '43e81c0b-3ba9-4622-9a18-8948a7ca8c0d', '76457721-2df0-4339-b509-d438961b7cfc');
insert into public.expenses (id, household_id, date, details, amount_cents, paid_by, created_by, created_at, category_id, vendor_id, location_id) values ('cf8de789-c1e1-44db-8431-59f3dd2b19f9', '00000000-0000-0000-0000-0000000000aa', '2026-06-16', 'meat', 4150, null, null, '2026-07-04T09:21:13.86138+00:00', null, 'df6cb3c2-27d9-4e62-9263-e3fc76a92929', null);
insert into public.expenses (id, household_id, date, details, amount_cents, paid_by, created_by, created_at, category_id, vendor_id, location_id) values ('147e1554-d9b0-4624-862b-cba0190d2c51', '00000000-0000-0000-0000-0000000000aa', '2026-06-17', 'Jalan Jalan Japan Leo toys', 4600, null, null, '2026-07-04T09:21:13.86138+00:00', null, '6d7d5149-9472-419f-9c56-8e75765f008a', '4721d297-b10b-4feb-922f-e50e7579b78d');

-- ledger_entries (72 rows)
insert into public.ledger_entries (id, household_id, owner_member_code, period, entry_type, description, amount_cents, remark) values ('5f55207f-5aab-485d-8bfb-ac5639add7bc', '00000000-0000-0000-0000-0000000000aa', 'CH', '2026-01-01', 'expense', 'Parent', 60000, null);
insert into public.ledger_entries (id, household_id, owner_member_code, period, entry_type, description, amount_cents, remark) values ('29e4232b-9eba-4f66-93d4-d15599a678dd', '00000000-0000-0000-0000-0000000000aa', 'CH', '2026-01-01', 'expense', 'Sinaran', 235000, null);
insert into public.ledger_entries (id, household_id, owner_member_code, period, entry_type, description, amount_cents, remark) values ('1f11c876-9258-41c1-a0e7-3e37f646876e', '00000000-0000-0000-0000-0000000000aa', 'CH', '2026-01-01', 'expense', 'Joint Fund', 227000, null);
insert into public.ledger_entries (id, household_id, owner_member_code, period, entry_type, description, amount_cents, remark) values ('5db3a856-0fbe-43d2-823a-d56f5e2d5ff5', '00000000-0000-0000-0000-0000000000aa', 'CH', '2026-01-01', 'expense', 'Petrol', 15000, null);
insert into public.ledger_entries (id, household_id, owner_member_code, period, entry_type, description, amount_cents, remark) values ('f8ca6ae5-56ab-44fb-977e-a8532c763dc4', '00000000-0000-0000-0000-0000000000aa', 'CH', '2026-01-01', 'expense', 'AIA', 1000, null);
insert into public.ledger_entries (id, household_id, owner_member_code, period, entry_type, description, amount_cents, remark) values ('b3f6c026-6955-4729-903b-dac8a6ea52c4', '00000000-0000-0000-0000-0000000000aa', 'CH', '2026-01-01', 'expense', 'Youtube Premium', 2100, null);
insert into public.ledger_entries (id, household_id, owner_member_code, period, entry_type, description, amount_cents, remark) values ('8b539482-e4fd-4f35-80f6-8c26779bf532', '00000000-0000-0000-0000-0000000000aa', 'CH', '2026-01-01', 'income', 'Sinaran Rental', 176000, null);
insert into public.ledger_entries (id, household_id, owner_member_code, period, entry_type, description, amount_cents, remark) values ('029817b3-df97-4af6-a410-a59c41d01c74', '00000000-0000-0000-0000-0000000000aa', 'CH', '2026-01-01', 'expense', 'Apple One', 2250, null);
insert into public.ledger_entries (id, household_id, owner_member_code, period, entry_type, description, amount_cents, remark) values ('e753a778-13b4-4875-9988-3b141262151e', '00000000-0000-0000-0000-0000000000aa', 'CH', '2026-01-01', 'income', 'Nett Salary', 533915, 'Gross 6117.00');
insert into public.ledger_entries (id, household_id, owner_member_code, period, entry_type, description, amount_cents, remark) values ('cebe36ff-d86e-400e-b2b9-7f2df5e5c204', '00000000-0000-0000-0000-0000000000aa', 'CH', '2026-01-01', 'expense', 'PTPTN', 20000, null);
insert into public.ledger_entries (id, household_id, owner_member_code, period, entry_type, description, amount_cents, remark) values ('4fa79f5f-af72-40c7-8edf-5db2ab5dd2b5', '00000000-0000-0000-0000-0000000000aa', 'CH', '2026-01-01', 'expense', 'Insurance (Allianz)', 27000, null);
insert into public.ledger_entries (id, household_id, owner_member_code, period, entry_type, description, amount_cents, remark) values ('2169376a-2a2a-4ec4-a55b-13ca50912171', '00000000-0000-0000-0000-0000000000aa', 'CH', '2026-01-01', 'expense', 'Hotlink', 4500, null);
insert into public.ledger_entries (id, household_id, owner_member_code, period, entry_type, description, amount_cents, remark) values ('8682a82d-c0df-40ed-8550-eaf2ceb8b717', '00000000-0000-0000-0000-0000000000aa', 'JC', '2026-01-01', 'expense', 'car insurance', 121728, null);
insert into public.ledger_entries (id, household_id, owner_member_code, period, entry_type, description, amount_cents, remark) values ('61c116ab-2365-4bd5-afa2-17462a0b770e', '00000000-0000-0000-0000-0000000000aa', 'JC', '2026-01-01', 'expense', 'AIA', 0, null);
insert into public.ledger_entries (id, household_id, owner_member_code, period, entry_type, description, amount_cents, remark) values ('1b1152c7-f1ee-4102-87b1-c8c0be0e758d', '00000000-0000-0000-0000-0000000000aa', 'JC', '2026-01-01', 'expense', 'Joint Fund', 227000, null);
insert into public.ledger_entries (id, household_id, owner_member_code, period, entry_type, description, amount_cents, remark) values ('77d74b10-38d4-4248-8ff6-82abd7b7a2cd', '00000000-0000-0000-0000-0000000000aa', 'JC', '2026-01-01', 'expense', 'Parent', 60000, null);
insert into public.ledger_entries (id, household_id, owner_member_code, period, entry_type, description, amount_cents, remark) values ('0381d263-433b-489e-97e9-46abc86303a8', '00000000-0000-0000-0000-0000000000aa', 'JC', '2026-01-01', 'expense', 'Hotlink', 4500, null);
insert into public.ledger_entries (id, household_id, owner_member_code, period, entry_type, description, amount_cents, remark) values ('95633729-a68b-46fc-b067-c5601da19a3e', '00000000-0000-0000-0000-0000000000aa', 'JC', '2026-01-01', 'expense', 'Insurance (Allianz)', 27000, null);
insert into public.ledger_entries (id, household_id, owner_member_code, period, entry_type, description, amount_cents, remark) values ('0ca7f858-5cc7-44c6-8775-7a00609b39b8', '00000000-0000-0000-0000-0000000000aa', 'JC', '2026-01-01', 'expense', 'PTPTN', 20000, null);
insert into public.ledger_entries (id, household_id, owner_member_code, period, entry_type, description, amount_cents, remark) values ('a5cd8248-6b32-4d28-a22a-547c846cf170', '00000000-0000-0000-0000-0000000000aa', 'CH', '2026-02-01', 'expense', 'Parent', 60000, null);
insert into public.ledger_entries (id, household_id, owner_member_code, period, entry_type, description, amount_cents, remark) values ('1bc60993-c86a-4ccc-ad7d-2b7cacbf3630', '00000000-0000-0000-0000-0000000000aa', 'CH', '2026-02-01', 'expense', 'Sinaran', 235000, null);
insert into public.ledger_entries (id, household_id, owner_member_code, period, entry_type, description, amount_cents, remark) values ('09ea81fb-3858-4baa-bb21-901173a11c08', '00000000-0000-0000-0000-0000000000aa', 'CH', '2026-02-01', 'expense', 'Joint Fund', 227000, null);
insert into public.ledger_entries (id, household_id, owner_member_code, period, entry_type, description, amount_cents, remark) values ('a2c2a81e-06a4-4f25-b569-960bce3d3252', '00000000-0000-0000-0000-0000000000aa', 'CH', '2026-02-01', 'expense', 'Petrol', 15000, null);
insert into public.ledger_entries (id, household_id, owner_member_code, period, entry_type, description, amount_cents, remark) values ('35dd60a5-b47e-4dd7-ab6c-529f46669709', '00000000-0000-0000-0000-0000000000aa', 'CH', '2026-02-01', 'expense', 'AIA', 1000, null);
insert into public.ledger_entries (id, household_id, owner_member_code, period, entry_type, description, amount_cents, remark) values ('2ec84951-8e4c-4886-b7b4-eca1db9a0448', '00000000-0000-0000-0000-0000000000aa', 'CH', '2026-02-01', 'income', 'Nett Salary', 571706, 'Gross 6600.00');
insert into public.ledger_entries (id, household_id, owner_member_code, period, entry_type, description, amount_cents, remark) values ('423eb493-4e9d-4cb9-a7e7-24dbeba7344e', '00000000-0000-0000-0000-0000000000aa', 'CH', '2026-02-01', 'expense', 'Youtube Premium', 2100, null);
insert into public.ledger_entries (id, household_id, owner_member_code, period, entry_type, description, amount_cents, remark) values ('8bb30ffe-c48a-4295-8c0f-64615ace9ecb', '00000000-0000-0000-0000-0000000000aa', 'CH', '2026-02-01', 'income', 'Sinaran Rental', 176000, null);
insert into public.ledger_entries (id, household_id, owner_member_code, period, entry_type, description, amount_cents, remark) values ('1b3b52bf-6e30-4cd1-b8ef-72fc59121de2', '00000000-0000-0000-0000-0000000000aa', 'CH', '2026-02-01', 'expense', 'Apple One', 2250, null);
insert into public.ledger_entries (id, household_id, owner_member_code, period, entry_type, description, amount_cents, remark) values ('03ab1426-fd94-4719-897b-73f4fb921b31', '00000000-0000-0000-0000-0000000000aa', 'CH', '2026-02-01', 'expense', 'PTPTN', 20000, null);
insert into public.ledger_entries (id, household_id, owner_member_code, period, entry_type, description, amount_cents, remark) values ('6636af33-8097-43a3-9f50-788f1cc7e062', '00000000-0000-0000-0000-0000000000aa', 'CH', '2026-02-01', 'expense', 'Insurance (Allianz)', 27000, null);
insert into public.ledger_entries (id, household_id, owner_member_code, period, entry_type, description, amount_cents, remark) values ('230d600e-5eb3-4ba4-9760-4c8c46018ab0', '00000000-0000-0000-0000-0000000000aa', 'CH', '2026-02-01', 'expense', 'Hotlink', 4500, null);
insert into public.ledger_entries (id, household_id, owner_member_code, period, entry_type, description, amount_cents, remark) values ('afee89ae-6975-430d-8f4a-b1125bb07075', '00000000-0000-0000-0000-0000000000aa', 'CH', '2026-03-01', 'expense', 'Apple One', 2250, null);
insert into public.ledger_entries (id, household_id, owner_member_code, period, entry_type, description, amount_cents, remark) values ('8dbd3966-4648-4922-8b9c-5a89c8b65502', '00000000-0000-0000-0000-0000000000aa', 'CH', '2026-03-01', 'income', 'Nett Salary', 572500, 'Gross 6600.00');
insert into public.ledger_entries (id, household_id, owner_member_code, period, entry_type, description, amount_cents, remark) values ('01f0e5f8-c009-40bf-9b62-27f47d5f5af3', '00000000-0000-0000-0000-0000000000aa', 'CH', '2026-03-01', 'expense', 'Youtube Premium', 2100, null);
insert into public.ledger_entries (id, household_id, owner_member_code, period, entry_type, description, amount_cents, remark) values ('84fdff38-39c0-4db5-9420-22871df7daec', '00000000-0000-0000-0000-0000000000aa', 'CH', '2026-03-01', 'income', 'Sinaran Rental', 176000, null);
insert into public.ledger_entries (id, household_id, owner_member_code, period, entry_type, description, amount_cents, remark) values ('2b2939ed-8f2d-44dc-be7a-7d6ec9dbb51f', '00000000-0000-0000-0000-0000000000aa', 'CH', '2026-03-01', 'expense', 'PTPTN', 20000, null);
insert into public.ledger_entries (id, household_id, owner_member_code, period, entry_type, description, amount_cents, remark) values ('56c69eff-cf86-48b0-a622-d695e3214d2c', '00000000-0000-0000-0000-0000000000aa', 'CH', '2026-03-01', 'expense', 'Insurance (Allianz)', 27000, null);
insert into public.ledger_entries (id, household_id, owner_member_code, period, entry_type, description, amount_cents, remark) values ('fdab47f4-e23c-4614-8e98-a2978095130c', '00000000-0000-0000-0000-0000000000aa', 'CH', '2026-03-01', 'expense', 'Hotlink', 4500, null);
insert into public.ledger_entries (id, household_id, owner_member_code, period, entry_type, description, amount_cents, remark) values ('44f53686-c70a-4355-8ca9-64556caa23af', '00000000-0000-0000-0000-0000000000aa', 'CH', '2026-03-01', 'expense', 'Parent', 60000, null);
insert into public.ledger_entries (id, household_id, owner_member_code, period, entry_type, description, amount_cents, remark) values ('e46253ab-efa8-4787-94cb-458c6e3adfc8', '00000000-0000-0000-0000-0000000000aa', 'CH', '2026-03-01', 'expense', 'Sinaran', 235000, null);
insert into public.ledger_entries (id, household_id, owner_member_code, period, entry_type, description, amount_cents, remark) values ('c369b247-b1c4-4940-b4be-416d544536bd', '00000000-0000-0000-0000-0000000000aa', 'CH', '2026-03-01', 'expense', 'Joint Fund', 227000, null);
insert into public.ledger_entries (id, household_id, owner_member_code, period, entry_type, description, amount_cents, remark) values ('c28890a5-d1d9-4828-98c1-c8d95fc0e89c', '00000000-0000-0000-0000-0000000000aa', 'CH', '2026-03-01', 'expense', 'Petrol', 15000, null);
insert into public.ledger_entries (id, household_id, owner_member_code, period, entry_type, description, amount_cents, remark) values ('3074c9a9-f538-4c14-a54d-41ab4c64d25a', '00000000-0000-0000-0000-0000000000aa', 'CH', '2026-03-01', 'expense', 'AIA', 1000, null);
insert into public.ledger_entries (id, household_id, owner_member_code, period, entry_type, description, amount_cents, remark) values ('8076106a-cfbd-4f21-80d4-9ddf4bfd9fdd', '00000000-0000-0000-0000-0000000000aa', 'CH', '2026-03-01', 'expense', 'Sinaran maintenance', 25972, null);
insert into public.ledger_entries (id, household_id, owner_member_code, period, entry_type, description, amount_cents, remark) values ('dd14a5dd-1d75-4956-905e-cee4d3c0f52d', '00000000-0000-0000-0000-0000000000aa', 'CH', '2026-04-01', 'expense', 'Parent', 60000, null);
insert into public.ledger_entries (id, household_id, owner_member_code, period, entry_type, description, amount_cents, remark) values ('1f712b9d-dd20-480e-bdc3-9629c4ffcc44', '00000000-0000-0000-0000-0000000000aa', 'CH', '2026-04-01', 'expense', 'Sinaran', 235000, null);
insert into public.ledger_entries (id, household_id, owner_member_code, period, entry_type, description, amount_cents, remark) values ('0fa0f83e-a519-4901-afcf-01d355273d36', '00000000-0000-0000-0000-0000000000aa', 'CH', '2026-04-01', 'expense', 'Joint Fund', 227000, null);
insert into public.ledger_entries (id, household_id, owner_member_code, period, entry_type, description, amount_cents, remark) values ('eda1cc3f-2bbf-431b-933f-8268d75de7b6', '00000000-0000-0000-0000-0000000000aa', 'CH', '2026-04-01', 'expense', 'Petrol', 15000, null);
insert into public.ledger_entries (id, household_id, owner_member_code, period, entry_type, description, amount_cents, remark) values ('7bf59eca-35da-4cfb-ad8f-2abb26d5c830', '00000000-0000-0000-0000-0000000000aa', 'CH', '2026-04-01', 'expense', 'AIA', 1000, null);
insert into public.ledger_entries (id, household_id, owner_member_code, period, entry_type, description, amount_cents, remark) values ('2778f9be-a2f8-424a-a987-f288a68f885d', '00000000-0000-0000-0000-0000000000aa', 'CH', '2026-04-01', 'expense', 'Sinaran maintenance', 25972, null);
insert into public.ledger_entries (id, household_id, owner_member_code, period, entry_type, description, amount_cents, remark) values ('a03efa17-c101-40ee-9c0d-b6bd1a2077c8', '00000000-0000-0000-0000-0000000000aa', 'CH', '2026-04-01', 'expense', 'Google AI Pro', 9799, null);
insert into public.ledger_entries (id, household_id, owner_member_code, period, entry_type, description, amount_cents, remark) values ('738d341f-2d01-4ed0-b634-c9972a259864', '00000000-0000-0000-0000-0000000000aa', 'CH', '2026-04-01', 'expense', 'Hotlink', 4500, null);
insert into public.ledger_entries (id, household_id, owner_member_code, period, entry_type, description, amount_cents, remark) values ('b648c4c5-c5de-4556-a9da-85c91e7e95c7', '00000000-0000-0000-0000-0000000000aa', 'CH', '2026-04-01', 'expense', 'Insurance (Allianz)', 27000, null);
insert into public.ledger_entries (id, household_id, owner_member_code, period, entry_type, description, amount_cents, remark) values ('0cc4b2dc-5ba3-482c-b095-5fa49a53721c', '00000000-0000-0000-0000-0000000000aa', 'CH', '2026-04-01', 'expense', 'PTPTN', 20000, null);
insert into public.ledger_entries (id, household_id, owner_member_code, period, entry_type, description, amount_cents, remark) values ('699c2e88-89c2-41a4-80a1-42962966cbde', '00000000-0000-0000-0000-0000000000aa', 'CH', '2026-04-01', 'expense', 'Apple One', 2250, null);
insert into public.ledger_entries (id, household_id, owner_member_code, period, entry_type, description, amount_cents, remark) values ('4c638c8f-2ff0-4222-9a2e-45a740b27bbf', '00000000-0000-0000-0000-0000000000aa', 'CH', '2026-04-01', 'income', 'Sinaran Rental', 176000, null);
insert into public.ledger_entries (id, household_id, owner_member_code, period, entry_type, description, amount_cents, remark) values ('6dad5c32-74fd-4dc4-8c37-59f989643e2b', '00000000-0000-0000-0000-0000000000aa', 'CH', '2026-04-01', 'expense', 'Youtube Premium', 2100, null);
insert into public.ledger_entries (id, household_id, owner_member_code, period, entry_type, description, amount_cents, remark) values ('708f794e-e912-4d3f-a4be-235d8e718ea8', '00000000-0000-0000-0000-0000000000aa', 'CH', '2026-04-01', 'income', 'Nett Salary', 585655, 'Gross 6600.00');
insert into public.ledger_entries (id, household_id, owner_member_code, period, entry_type, description, amount_cents, remark) values ('4a94055c-9ac3-4506-9e17-d54c5fcad69e', '00000000-0000-0000-0000-0000000000aa', 'CH', '2026-05-01', 'expense', 'Parent', 60000, null);
insert into public.ledger_entries (id, household_id, owner_member_code, period, entry_type, description, amount_cents, remark) values ('f636741f-4a0d-4161-9871-1b2770d15f60', '00000000-0000-0000-0000-0000000000aa', 'CH', '2026-05-01', 'expense', 'Sinaran', 235000, null);
insert into public.ledger_entries (id, household_id, owner_member_code, period, entry_type, description, amount_cents, remark) values ('9a9a0588-5772-4875-9212-60611851312f', '00000000-0000-0000-0000-0000000000aa', 'CH', '2026-05-01', 'expense', 'Joint Fund', 227000, null);
insert into public.ledger_entries (id, household_id, owner_member_code, period, entry_type, description, amount_cents, remark) values ('e0165173-b034-46c5-845a-74b75a22e3c5', '00000000-0000-0000-0000-0000000000aa', 'CH', '2026-05-01', 'expense', 'Petrol', 15000, null);
insert into public.ledger_entries (id, household_id, owner_member_code, period, entry_type, description, amount_cents, remark) values ('9c9be96c-ad93-451a-8c93-b548de1081ef', '00000000-0000-0000-0000-0000000000aa', 'CH', '2026-05-01', 'expense', 'AIA', 1000, null);
insert into public.ledger_entries (id, household_id, owner_member_code, period, entry_type, description, amount_cents, remark) values ('39b2ebb3-f944-41cf-9a9f-6c259303772c', '00000000-0000-0000-0000-0000000000aa', 'CH', '2026-05-01', 'expense', 'Sinaran maintenance', 25972, null);
insert into public.ledger_entries (id, household_id, owner_member_code, period, entry_type, description, amount_cents, remark) values ('90c6a34f-9116-4beb-a647-b65e557a9956', '00000000-0000-0000-0000-0000000000aa', 'CH', '2026-05-01', 'expense', 'Google AI Pro', 9799, null);
insert into public.ledger_entries (id, household_id, owner_member_code, period, entry_type, description, amount_cents, remark) values ('4bc249ba-d50e-4243-8af9-669b0b13133c', '00000000-0000-0000-0000-0000000000aa', 'CH', '2026-05-01', 'income', 'Nett Salary', 585655, 'Gross 6600.00');
insert into public.ledger_entries (id, household_id, owner_member_code, period, entry_type, description, amount_cents, remark) values ('716abe1d-3a64-4b7f-a78c-93573cbd8aa5', '00000000-0000-0000-0000-0000000000aa', 'CH', '2026-05-01', 'expense', 'Youtube Premium', 2100, null);
insert into public.ledger_entries (id, household_id, owner_member_code, period, entry_type, description, amount_cents, remark) values ('07db3843-f873-47fb-be7d-16c2b5f46904', '00000000-0000-0000-0000-0000000000aa', 'CH', '2026-05-01', 'income', 'Sinaran Rental', 176000, null);
insert into public.ledger_entries (id, household_id, owner_member_code, period, entry_type, description, amount_cents, remark) values ('c96a3da6-a4fb-43d7-82cf-0a55658a6f78', '00000000-0000-0000-0000-0000000000aa', 'CH', '2026-05-01', 'expense', 'Apple One', 2250, null);
insert into public.ledger_entries (id, household_id, owner_member_code, period, entry_type, description, amount_cents, remark) values ('7e476a5a-ef84-41bc-b356-ad6401e40309', '00000000-0000-0000-0000-0000000000aa', 'CH', '2026-05-01', 'expense', 'PTPTN', 20000, null);
insert into public.ledger_entries (id, household_id, owner_member_code, period, entry_type, description, amount_cents, remark) values ('2f208828-1be3-4324-abe8-66f612cf9e3e', '00000000-0000-0000-0000-0000000000aa', 'CH', '2026-05-01', 'expense', 'Insurance (Allianz)', 27000, null);
insert into public.ledger_entries (id, household_id, owner_member_code, period, entry_type, description, amount_cents, remark) values ('85771b8d-a0e9-4a92-a111-d68410fb2cbc', '00000000-0000-0000-0000-0000000000aa', 'CH', '2026-05-01', 'expense', 'Hotlink', 4500, null);

-- asset_transactions (52 rows)
insert into public.asset_transactions (id, asset_id, household_id, date, description, amount_cents, direction, txn_type, settled, seq, notes, created_by, created_at, category_id) values ('50bc7179-132e-4287-a2c7-87bf6ed6f9d6', '00000000-0000-0000-0000-0000000000b4', '00000000-0000-0000-0000-0000000000aa', '2019-08-06', 'AIA payment', 1043658, 'out', 'scheduled_payment', true, 1, null, null, '2026-07-04T09:21:13.86138+00:00', '0d8240ec-0cca-4487-8aa3-cbaea7cd1294');
insert into public.asset_transactions (id, asset_id, household_id, date, description, amount_cents, direction, txn_type, settled, seq, notes, created_by, created_at, category_id) values ('9b7699c0-6d2d-4112-85cc-9c8ea0f6285d', '00000000-0000-0000-0000-0000000000b5', '00000000-0000-0000-0000-0000000000aa', '2019-08-06', 'AIA payment', 1044801, 'out', 'scheduled_payment', true, 1, null, null, '2026-07-04T09:21:13.86138+00:00', '0d8240ec-0cca-4487-8aa3-cbaea7cd1294');
insert into public.asset_transactions (id, asset_id, household_id, date, description, amount_cents, direction, txn_type, settled, seq, notes, created_by, created_at, category_id) values ('5b34f4db-de43-42ed-b2fb-935bdc31de44', '00000000-0000-0000-0000-0000000000b3', '00000000-0000-0000-0000-0000000000aa', '2019-09-07', 'Road Tax + Insurance', 134660, 'out', 'road_tax_insurance', true, null, null, null, '2026-07-04T13:34:24.613639+00:00', '0a2f0664-b85e-464a-a5ec-0aca3d5540bf');
insert into public.asset_transactions (id, asset_id, household_id, date, description, amount_cents, direction, txn_type, settled, seq, notes, created_by, created_at, category_id) values ('fa8dd45c-76d2-46e6-af61-909c2be433ce', '00000000-0000-0000-0000-0000000000b3', '00000000-0000-0000-0000-0000000000aa', '2020-06-29', 'Road Tax + Insurance', 120690, 'out', 'road_tax_insurance', true, null, null, null, '2026-07-04T13:34:24.613639+00:00', '0a2f0664-b85e-464a-a5ec-0aca3d5540bf');
insert into public.asset_transactions (id, asset_id, household_id, date, description, amount_cents, direction, txn_type, settled, seq, notes, created_by, created_at, category_id) values ('40dc770c-2062-4049-a286-ea1307f53aa2', '00000000-0000-0000-0000-0000000000b5', '00000000-0000-0000-0000-0000000000aa', '2020-09-16', 'AIA payment', 1044801, 'out', 'scheduled_payment', true, 2, null, null, '2026-07-04T09:21:13.86138+00:00', '0d8240ec-0cca-4487-8aa3-cbaea7cd1294');
insert into public.asset_transactions (id, asset_id, household_id, date, description, amount_cents, direction, txn_type, settled, seq, notes, created_by, created_at, category_id) values ('e176cf64-25dd-463d-a18d-0e9f38f5d8b1', '00000000-0000-0000-0000-0000000000b4', '00000000-0000-0000-0000-0000000000aa', '2020-09-16', 'AIA payment', 1043658, 'out', 'scheduled_payment', true, 2, null, null, '2026-07-04T09:21:13.86138+00:00', '0d8240ec-0cca-4487-8aa3-cbaea7cd1294');
insert into public.asset_transactions (id, asset_id, household_id, date, description, amount_cents, direction, txn_type, settled, seq, notes, created_by, created_at, category_id) values ('ad07598e-a489-4ee6-902e-c617dd92a690', '00000000-0000-0000-0000-0000000000b5', '00000000-0000-0000-0000-0000000000aa', '2021-09-17', 'AIA payment', 488881, 'out', 'scheduled_payment', true, 3, null, null, '2026-07-04T09:21:13.86138+00:00', '0d8240ec-0cca-4487-8aa3-cbaea7cd1294');
insert into public.asset_transactions (id, asset_id, household_id, date, description, amount_cents, direction, txn_type, settled, seq, notes, created_by, created_at, category_id) values ('2468c3b2-88f0-4485-8253-a321f75ffc60', '00000000-0000-0000-0000-0000000000b4', '00000000-0000-0000-0000-0000000000aa', '2021-09-17', 'AIA payment', 488346, 'out', 'scheduled_payment', true, 3, null, null, '2026-07-04T09:21:13.86138+00:00', '0d8240ec-0cca-4487-8aa3-cbaea7cd1294');
insert into public.asset_transactions (id, asset_id, household_id, date, description, amount_cents, direction, txn_type, settled, seq, notes, created_by, created_at, category_id) values ('b538f6c5-d7e3-409e-8061-8f27a3adec12', '00000000-0000-0000-0000-0000000000b3', '00000000-0000-0000-0000-0000000000aa', '2021-10-06', 'Road Tax + Insurance', 100850, 'out', 'road_tax_insurance', true, null, null, null, '2026-07-04T13:34:24.613639+00:00', '0a2f0664-b85e-464a-a5ec-0aca3d5540bf');
insert into public.asset_transactions (id, asset_id, household_id, date, description, amount_cents, direction, txn_type, settled, seq, notes, created_by, created_at, category_id) values ('b1d8a212-0e06-4e92-9e6c-865d24c2efe0', '00000000-0000-0000-0000-0000000000b3', '00000000-0000-0000-0000-0000000000aa', '2021-10-24', 'Maintenance', 55650, 'out', 'maintenance', true, null, null, null, '2026-07-04T13:34:24.613639+00:00', '1abfe289-96c1-44ee-ac30-8d3c20876827');
insert into public.asset_transactions (id, asset_id, household_id, date, description, amount_cents, direction, txn_type, settled, seq, notes, created_by, created_at, category_id) values ('f5f10182-d77f-4582-a376-7c8fb56f4351', '00000000-0000-0000-0000-0000000000b3', '00000000-0000-0000-0000-0000000000aa', '2022-04-24', 'Maintenance', 43960, 'out', 'maintenance', true, null, null, null, '2026-07-04T13:34:24.613639+00:00', '1abfe289-96c1-44ee-ac30-8d3c20876827');
insert into public.asset_transactions (id, asset_id, household_id, date, description, amount_cents, direction, txn_type, settled, seq, notes, created_by, created_at, category_id) values ('95acad19-e856-4d05-898e-68ef9289b751', '00000000-0000-0000-0000-0000000000b3', '00000000-0000-0000-0000-0000000000aa', '2022-06-15', 'Road Tax + Insurance', 86125, 'out', 'road_tax_insurance', true, null, null, null, '2026-07-04T13:34:24.613639+00:00', '0a2f0664-b85e-464a-a5ec-0aca3d5540bf');
insert into public.asset_transactions (id, asset_id, household_id, date, description, amount_cents, direction, txn_type, settled, seq, notes, created_by, created_at, category_id) values ('0d8d40d5-8c41-4d0c-827a-8830f5cff070', '00000000-0000-0000-0000-0000000000b5', '00000000-0000-0000-0000-0000000000aa', '2022-08-08', 'AIA payment', 488881, 'out', 'scheduled_payment', true, 4, null, null, '2026-07-04T09:21:13.86138+00:00', '0d8240ec-0cca-4487-8aa3-cbaea7cd1294');
insert into public.asset_transactions (id, asset_id, household_id, date, description, amount_cents, direction, txn_type, settled, seq, notes, created_by, created_at, category_id) values ('5bc05c69-218d-4d6f-a129-85864dad4eb0', '00000000-0000-0000-0000-0000000000b2', '00000000-0000-0000-0000-0000000000aa', '2022-08-26', 'Maintenance', 25120, 'out', 'maintenance', true, null, null, null, '2026-07-04T13:34:24.613639+00:00', '1abfe289-96c1-44ee-ac30-8d3c20876827');
insert into public.asset_transactions (id, asset_id, household_id, date, description, amount_cents, direction, txn_type, settled, seq, notes, created_by, created_at, category_id) values ('b2a03c3a-aa77-469b-ac54-b42349743dc1', '00000000-0000-0000-0000-0000000000b4', '00000000-0000-0000-0000-0000000000aa', '2022-09-21', 'AIA payment', 488346, 'out', 'scheduled_payment', true, 4, null, null, '2026-07-04T09:21:13.86138+00:00', '0d8240ec-0cca-4487-8aa3-cbaea7cd1294');
insert into public.asset_transactions (id, asset_id, household_id, date, description, amount_cents, direction, txn_type, settled, seq, notes, created_by, created_at, category_id) values ('85e70a37-521b-4697-95f1-3118c123a2e1', '00000000-0000-0000-0000-0000000000b3', '00000000-0000-0000-0000-0000000000aa', '2022-10-30', 'Maintenance', 92150, 'out', 'maintenance', true, null, null, null, '2026-07-04T13:34:24.613639+00:00', '1abfe289-96c1-44ee-ac30-8d3c20876827');
insert into public.asset_transactions (id, asset_id, household_id, date, description, amount_cents, direction, txn_type, settled, seq, notes, created_by, created_at, category_id) values ('f11ab0bc-6899-4183-8255-a128c802396d', '00000000-0000-0000-0000-0000000000b2', '00000000-0000-0000-0000-0000000000aa', '2022-12-14', 'Road Tax + Insurance', 133315, 'out', 'road_tax_insurance', true, null, null, null, '2026-07-04T13:34:24.613639+00:00', '0a2f0664-b85e-464a-a5ec-0aca3d5540bf');
insert into public.asset_transactions (id, asset_id, household_id, date, description, amount_cents, direction, txn_type, settled, seq, notes, created_by, created_at, category_id) values ('e00b0976-d380-42fc-8755-8a0a2756ffbf', '00000000-0000-0000-0000-0000000000b2', '00000000-0000-0000-0000-0000000000aa', '2023-01-27', 'Maintenance', 30685, 'out', 'maintenance', true, null, null, null, '2026-07-04T13:34:24.613639+00:00', '1abfe289-96c1-44ee-ac30-8d3c20876827');
insert into public.asset_transactions (id, asset_id, household_id, date, description, amount_cents, direction, txn_type, settled, seq, notes, created_by, created_at, category_id) values ('b953546f-d1d0-49d4-9f69-77f3fed6b409', '00000000-0000-0000-0000-0000000000b4', '00000000-0000-0000-0000-0000000000aa', '2023-08-09', 'AIA payment', 488346, 'out', 'scheduled_payment', true, 5, null, null, '2026-07-04T09:21:13.86138+00:00', '0d8240ec-0cca-4487-8aa3-cbaea7cd1294');
insert into public.asset_transactions (id, asset_id, household_id, date, description, amount_cents, direction, txn_type, settled, seq, notes, created_by, created_at, category_id) values ('38f538ed-cae9-4147-90c5-3ac44cbfb107', '00000000-0000-0000-0000-0000000000b5', '00000000-0000-0000-0000-0000000000aa', '2023-08-09', 'AIA payment', 488810, 'out', 'scheduled_payment', true, 5, null, null, '2026-07-04T09:21:13.86138+00:00', '0d8240ec-0cca-4487-8aa3-cbaea7cd1294');
insert into public.asset_transactions (id, asset_id, household_id, date, description, amount_cents, direction, txn_type, settled, seq, notes, created_by, created_at, category_id) values ('fb1f7be8-bc4b-4a64-b2d2-3b9da1ce776c', '00000000-0000-0000-0000-0000000000b3', '00000000-0000-0000-0000-0000000000aa', '2023-12-13', 'Road Tax + Insurance', 195277, 'out', 'road_tax_insurance', true, null, null, null, '2026-07-04T13:34:24.613639+00:00', '0a2f0664-b85e-464a-a5ec-0aca3d5540bf');
insert into public.asset_transactions (id, asset_id, household_id, date, description, amount_cents, direction, txn_type, settled, seq, notes, created_by, created_at, category_id) values ('a3303b46-0e34-4bf1-a7e8-cbd9d2547201', '00000000-0000-0000-0000-0000000000b3', '00000000-0000-0000-0000-0000000000aa', '2023-12-22', 'Maintenance', 36540, 'out', 'maintenance', true, null, null, null, '2026-07-04T13:34:24.613639+00:00', '1abfe289-96c1-44ee-ac30-8d3c20876827');
insert into public.asset_transactions (id, asset_id, household_id, date, description, amount_cents, direction, txn_type, settled, seq, notes, created_by, created_at, category_id) values ('45d6ed0a-559e-4032-be68-8d59f3d2edd8', '00000000-0000-0000-0000-0000000000b2', '00000000-0000-0000-0000-0000000000aa', '2024-04-23', 'Maintenance (battery)', 23000, 'out', 'maintenance', true, null, null, null, '2026-07-04T13:34:24.613639+00:00', '1abfe289-96c1-44ee-ac30-8d3c20876827');
insert into public.asset_transactions (id, asset_id, household_id, date, description, amount_cents, direction, txn_type, settled, seq, notes, created_by, created_at, category_id) values ('63e892aa-b06e-4b3d-ac66-76f24cfd3be3', '00000000-0000-0000-0000-0000000000b3', '00000000-0000-0000-0000-0000000000aa', '2024-06-24', 'Maintenance', 19085, 'out', 'maintenance', true, null, null, null, '2026-07-04T13:34:24.613639+00:00', '1abfe289-96c1-44ee-ac30-8d3c20876827');
insert into public.asset_transactions (id, asset_id, household_id, date, description, amount_cents, direction, txn_type, settled, seq, notes, created_by, created_at, category_id) values ('f7f91bf8-a344-497e-a58e-5e7d885f93c5', '00000000-0000-0000-0000-0000000000b5', '00000000-0000-0000-0000-0000000000aa', '2024-08-02', 'AIA payment', 488810, 'out', 'scheduled_payment', true, 6, null, null, '2026-07-04T09:21:13.86138+00:00', '0d8240ec-0cca-4487-8aa3-cbaea7cd1294');
insert into public.asset_transactions (id, asset_id, household_id, date, description, amount_cents, direction, txn_type, settled, seq, notes, created_by, created_at, category_id) values ('91ea2602-d732-4e77-8128-fd963c425f65', '00000000-0000-0000-0000-0000000000b4', '00000000-0000-0000-0000-0000000000aa', '2024-08-04', 'AIA payment', 488346, 'out', 'scheduled_payment', true, 6, null, null, '2026-07-04T09:21:13.86138+00:00', '0d8240ec-0cca-4487-8aa3-cbaea7cd1294');
insert into public.asset_transactions (id, asset_id, household_id, date, description, amount_cents, direction, txn_type, settled, seq, notes, created_by, created_at, category_id) values ('0f0995c1-9627-43a3-b350-b53209d887cf', '00000000-0000-0000-0000-0000000000b2', '00000000-0000-0000-0000-0000000000aa', '2024-09-01', 'Road Tax + Insurance', 130775, 'out', 'road_tax_insurance', true, null, null, null, '2026-07-04T13:34:24.613639+00:00', '0a2f0664-b85e-464a-a5ec-0aca3d5540bf');
insert into public.asset_transactions (id, asset_id, household_id, date, description, amount_cents, direction, txn_type, settled, seq, notes, created_by, created_at, category_id) values ('3a03ef13-4851-414d-905c-60e14c56528c', '00000000-0000-0000-0000-0000000000b3', '00000000-0000-0000-0000-0000000000aa', '2024-11-26', 'Road Tax + Insurance', 137275, 'out', 'road_tax_insurance', true, null, null, null, '2026-07-04T13:34:24.613639+00:00', '0a2f0664-b85e-464a-a5ec-0aca3d5540bf');
insert into public.asset_transactions (id, asset_id, household_id, date, description, amount_cents, direction, txn_type, settled, seq, notes, created_by, created_at, category_id) values ('e120d0a8-1708-41fa-ad03-c371e9c3927f', '00000000-0000-0000-0000-0000000000b3', '00000000-0000-0000-0000-0000000000aa', '2024-11-28', 'Maintenance', 38260, 'out', 'maintenance', true, null, null, null, '2026-07-04T13:34:24.613639+00:00', '1abfe289-96c1-44ee-ac30-8d3c20876827');
insert into public.asset_transactions (id, asset_id, household_id, date, description, amount_cents, direction, txn_type, settled, seq, notes, created_by, created_at, category_id) values ('fd1dbb93-8a8f-407a-90fb-21028a6d60ef', '00000000-0000-0000-0000-0000000000b2', '00000000-0000-0000-0000-0000000000aa', '2025-03-02', 'Road Tax + Insurance', 120705, 'out', 'road_tax_insurance', true, null, null, null, '2026-07-04T13:34:24.613639+00:00', '0a2f0664-b85e-464a-a5ec-0aca3d5540bf');
insert into public.asset_transactions (id, asset_id, household_id, date, description, amount_cents, direction, txn_type, settled, seq, notes, created_by, created_at, category_id) values ('08bc806f-4a54-417d-9223-50a88e467298', '00000000-0000-0000-0000-0000000000b5', '00000000-0000-0000-0000-0000000000aa', '2025-08-02', 'AIA payment', 488881, 'out', 'scheduled_payment', true, 7, null, null, '2026-07-04T09:21:13.86138+00:00', '0d8240ec-0cca-4487-8aa3-cbaea7cd1294');
insert into public.asset_transactions (id, asset_id, household_id, date, description, amount_cents, direction, txn_type, settled, seq, notes, created_by, created_at, category_id) values ('34af5f11-02f4-4800-a3d6-c76a30629adc', '00000000-0000-0000-0000-0000000000b4', '00000000-0000-0000-0000-0000000000aa', '2025-08-05', 'AIA payment', 488346, 'out', 'scheduled_payment', true, 7, null, null, '2026-07-04T09:21:13.86138+00:00', '0d8240ec-0cca-4487-8aa3-cbaea7cd1294');
insert into public.asset_transactions (id, asset_id, household_id, date, description, amount_cents, direction, txn_type, settled, seq, notes, created_by, created_at, category_id) values ('b1bd541a-63a2-4d41-8165-5060faec2fbb', '00000000-0000-0000-0000-0000000000b2', '00000000-0000-0000-0000-0000000000aa', '2025-10-09', 'Maintenance', 33000, 'out', 'maintenance', true, null, null, null, '2026-07-04T13:34:24.613639+00:00', '1abfe289-96c1-44ee-ac30-8d3c20876827');
insert into public.asset_transactions (id, asset_id, household_id, date, description, amount_cents, direction, txn_type, settled, seq, notes, created_by, created_at, category_id) values ('fc5998c2-77b8-4f78-a120-3da071ff6015', '00000000-0000-0000-0000-0000000000b3', '00000000-0000-0000-0000-0000000000aa', '2025-12-11', 'Road Tax + Insurance', 125707, 'out', 'road_tax_insurance', true, null, null, null, '2026-07-04T13:34:24.613639+00:00', '0a2f0664-b85e-464a-a5ec-0aca3d5540bf');
insert into public.asset_transactions (id, asset_id, household_id, date, description, amount_cents, direction, txn_type, settled, seq, notes, created_by, created_at, category_id) values ('6e5c1c0e-d42e-4c65-88d0-7ecd9a8e762a', '00000000-0000-0000-0000-0000000000b3', '00000000-0000-0000-0000-0000000000aa', '2025-12-31', 'Loan Payback', 3452000, 'out', 'loan_payback', true, null, null, null, '2026-07-04T13:34:24.613639+00:00', '53040fdb-a924-4b91-9260-652210e2d446');
insert into public.asset_transactions (id, asset_id, household_id, date, description, amount_cents, direction, txn_type, settled, seq, notes, created_by, created_at, category_id) values ('2224b92d-4d47-4489-8c70-daee627fd3a7', '00000000-0000-0000-0000-0000000000b2', '00000000-0000-0000-0000-0000000000aa', '2025-12-31', 'Bank/Loan', 3647431, 'out', 'loan', true, null, null, null, '2026-07-04T13:34:24.613639+00:00', '32ba391e-392b-4329-bf85-e54dd75ad328');
insert into public.asset_transactions (id, asset_id, household_id, date, description, amount_cents, direction, txn_type, settled, seq, notes, created_by, created_at, category_id) values ('a12b1213-e024-485b-9bad-fc25e04af78b', '00000000-0000-0000-0000-0000000000b1', '00000000-0000-0000-0000-0000000000aa', '2026-01-01', 'Electric Bill (Jan 2026)', 7055, 'out', 'bill', false, null, null, null, '2026-07-04T09:21:13.86138+00:00', '732b521c-6b04-4f8d-b9cd-45abf175c5ef');
insert into public.asset_transactions (id, asset_id, household_id, date, description, amount_cents, direction, txn_type, settled, seq, notes, created_by, created_at, category_id) values ('c48e8ed5-1bdf-4aaa-a373-041524a9c148', '00000000-0000-0000-0000-0000000000b1', '00000000-0000-0000-0000-0000000000aa', '2026-01-01', 'Installment + Maintenance', 197058, 'in', 'monthly_commitment', true, null, null, null, '2026-07-04T09:21:13.86138+00:00', 'ad4aec92-85d4-4aff-9392-d324ef46cf26');
insert into public.asset_transactions (id, asset_id, household_id, date, description, amount_cents, direction, txn_type, settled, seq, notes, created_by, created_at, category_id) values ('341fb6ae-2f80-4ea7-8e06-345e3fb01096', '00000000-0000-0000-0000-0000000000b1', '00000000-0000-0000-0000-0000000000aa', '2026-02-01', 'Installment + Maintenance', 197058, 'in', 'monthly_commitment', true, null, null, null, '2026-07-04T09:21:13.86138+00:00', 'ad4aec92-85d4-4aff-9392-d324ef46cf26');
insert into public.asset_transactions (id, asset_id, household_id, date, description, amount_cents, direction, txn_type, settled, seq, notes, created_by, created_at, category_id) values ('2c40db36-ec7a-41d4-a2c6-347ce894863d', '00000000-0000-0000-0000-0000000000b1', '00000000-0000-0000-0000-0000000000aa', '2026-02-01', 'Electric Bill (Feb 2026)', 7330, 'out', 'bill', false, null, null, null, '2026-07-04T09:21:13.86138+00:00', '732b521c-6b04-4f8d-b9cd-45abf175c5ef');
insert into public.asset_transactions (id, asset_id, household_id, date, description, amount_cents, direction, txn_type, settled, seq, notes, created_by, created_at, category_id) values ('824ead79-d811-4526-b44e-f2ecc6298c24', '00000000-0000-0000-0000-0000000000b1', '00000000-0000-0000-0000-0000000000aa', '2026-02-01', 'Water Bill (Jan, Feb 2026)', 1364, 'out', 'bill', false, null, null, null, '2026-07-04T09:21:13.86138+00:00', '732b521c-6b04-4f8d-b9cd-45abf175c5ef');
insert into public.asset_transactions (id, asset_id, household_id, date, description, amount_cents, direction, txn_type, settled, seq, notes, created_by, created_at, category_id) values ('90d31e7d-4469-40e1-99b1-3288dd630fe6', '00000000-0000-0000-0000-0000000000b1', '00000000-0000-0000-0000-0000000000aa', '2026-03-01', 'Installment + Maintenance', 197058, 'in', 'monthly_commitment', true, null, null, null, '2026-07-04T09:21:13.86138+00:00', 'ad4aec92-85d4-4aff-9392-d324ef46cf26');
insert into public.asset_transactions (id, asset_id, household_id, date, description, amount_cents, direction, txn_type, settled, seq, notes, created_by, created_at, category_id) values ('2f6484eb-4c8a-408c-ab62-80a660fe511f', '00000000-0000-0000-0000-0000000000b1', '00000000-0000-0000-0000-0000000000aa', '2026-03-01', 'Electric Bill (Mar 2026)', 6840, 'out', 'bill', false, null, null, null, '2026-07-04T09:21:13.86138+00:00', '732b521c-6b04-4f8d-b9cd-45abf175c5ef');
insert into public.asset_transactions (id, asset_id, household_id, date, description, amount_cents, direction, txn_type, settled, seq, notes, created_by, created_at, category_id) values ('cb19eb30-4753-4d03-b8cd-61022b948fba', '00000000-0000-0000-0000-0000000000b1', '00000000-0000-0000-0000-0000000000aa', '2026-04-01', 'Electric Bill (Apr 2026)', 6775, 'out', 'bill', false, null, null, null, '2026-07-04T09:21:13.86138+00:00', '732b521c-6b04-4f8d-b9cd-45abf175c5ef');
insert into public.asset_transactions (id, asset_id, household_id, date, description, amount_cents, direction, txn_type, settled, seq, notes, created_by, created_at, category_id) values ('27beca2c-631f-4298-b497-51924ecde19f', '00000000-0000-0000-0000-0000000000b1', '00000000-0000-0000-0000-0000000000aa', '2026-04-01', 'Installment + Maintenance', 197058, 'in', 'monthly_commitment', true, null, null, null, '2026-07-04T09:21:13.86138+00:00', 'ad4aec92-85d4-4aff-9392-d324ef46cf26');
insert into public.asset_transactions (id, asset_id, household_id, date, description, amount_cents, direction, txn_type, settled, seq, notes, created_by, created_at, category_id) values ('d1f6f193-4af7-4c0a-973c-02ff5d661a38', '00000000-0000-0000-0000-0000000000b1', '00000000-0000-0000-0000-0000000000aa', '2026-04-01', 'Water Bill (Mar, Apr 2026)', 1240, 'out', 'bill', false, null, null, null, '2026-07-04T09:21:13.86138+00:00', '732b521c-6b04-4f8d-b9cd-45abf175c5ef');
insert into public.asset_transactions (id, asset_id, household_id, date, description, amount_cents, direction, txn_type, settled, seq, notes, created_by, created_at, category_id) values ('87979816-3838-4fd0-9b5b-fa788dfc80c8', '00000000-0000-0000-0000-0000000000b1', '00000000-0000-0000-0000-0000000000aa', '2026-05-02', 'Installment + Maintenance', 197058, 'in', 'monthly_commitment', true, null, null, null, '2026-07-04T09:21:13.86138+00:00', 'ad4aec92-85d4-4aff-9392-d324ef46cf26');
insert into public.asset_transactions (id, asset_id, household_id, date, description, amount_cents, direction, txn_type, settled, seq, notes, created_by, created_at, category_id) values ('566e633d-c04c-4812-a47c-585e69d0614e', '00000000-0000-0000-0000-0000000000b1', '00000000-0000-0000-0000-0000000000aa', '2026-05-10', 'Electric Bill (May 2026)', 9865, 'out', 'bill', false, null, null, null, '2026-07-04T09:21:13.86138+00:00', '732b521c-6b04-4f8d-b9cd-45abf175c5ef');
insert into public.asset_transactions (id, asset_id, household_id, date, description, amount_cents, direction, txn_type, settled, seq, notes, created_by, created_at, category_id) values ('7ca97911-4426-4df4-bddf-49fea24d2c48', '00000000-0000-0000-0000-0000000000b1', '00000000-0000-0000-0000-0000000000aa', '2026-05-12', 'MOT payment', 300000, 'out', 'bill', true, null, null, null, '2026-07-04T09:21:13.86138+00:00', '732b521c-6b04-4f8d-b9cd-45abf175c5ef');
insert into public.asset_transactions (id, asset_id, household_id, date, description, amount_cents, direction, txn_type, settled, seq, notes, created_by, created_at, category_id) values ('4c50fdc7-7795-4071-8328-2107c8225cfc', '00000000-0000-0000-0000-0000000000b1', '00000000-0000-0000-0000-0000000000aa', '2026-06-01', 'Water Bill (May, Jun 2026)', 1302, 'out', 'bill', false, null, null, null, '2026-07-04T09:21:13.86138+00:00', '732b521c-6b04-4f8d-b9cd-45abf175c5ef');
insert into public.asset_transactions (id, asset_id, household_id, date, description, amount_cents, direction, txn_type, settled, seq, notes, created_by, created_at, category_id) values ('49c8d89b-ed0c-42de-9540-187551ac9499', '00000000-0000-0000-0000-0000000000b1', '00000000-0000-0000-0000-0000000000aa', '2026-06-01', 'Electric Bill (Jun 2026)', 7755, 'out', 'bill', false, null, null, null, '2026-07-04T09:21:13.86138+00:00', '732b521c-6b04-4f8d-b9cd-45abf175c5ef');
insert into public.asset_transactions (id, asset_id, household_id, date, description, amount_cents, direction, txn_type, settled, seq, notes, created_by, created_at, category_id) values ('a0be09e8-3dda-4296-ae03-75b543d45f46', '00000000-0000-0000-0000-0000000000b1', '00000000-0000-0000-0000-0000000000aa', '2026-06-01', 'Installment + Maintenance', 197058, 'in', 'monthly_commitment', true, null, null, null, '2026-07-04T09:21:13.86138+00:00', 'ad4aec92-85d4-4aff-9392-d324ef46cf26');

-- push_subscriptions (1 rows)
insert into public.push_subscriptions (id, user_id, endpoint, p256dh, auth, created_at) values ('ac0c5d43-d73c-4a2b-99b9-674bd861c31f', '190c5a7a-a572-4391-8602-bd0d8e0202d7', 'https://web.push.apple.com/QFcyQ8rtAjwExJz-J7yTSsJgBUvcxHRcQ2KmtGzTG6o7yJbN13YtieyAfRGeYchAcHLzAz-Xd2QWI6JXgXqOp9GElgDJwBbYAN9jNLJp03Y09Y925DOPfnYgi2k2CUG65PMTIYeq1rAKPfRnADLE_cRwCS_oUFO9E-N9r7ZkpDc', 'BB7bL3qHc8Y3ZbLkAJZZYVgzULjtgP1HNn-kL9B9r8UrR8yARJgbqrBVMS81mdqJzmnUiOdUjK0Il8JiiigLKS0', '00QSEzHHcmXkKpUqSttRSQ', '2026-07-05T15:09:40.338971+00:00');

commit;
