insert into households(id,name) values ('00000000-0000-0000-0000-0000000000aa','Chong Family');
insert into household_members(household_id,user_id,role,member_code) values ('00000000-0000-0000-0000-0000000000aa',:CH_UID,'owner','CH'),('00000000-0000-0000-0000-0000000000aa',:JC_UID,'member','JC');
insert into joint_fund_config(household_id,member_code,expected_monthly_cents,carry_forward_prev_year_cents) values ('00000000-0000-0000-0000-0000000000aa','CH',227000,0),('00000000-0000-0000-0000-0000000000aa','JC',247000,133853);
insert into joint_fund_contributions(household_id,member_code,period,amount_cents,status) values ('00000000-0000-0000-0000-0000000000aa','CH','2026-01-01',227000,'paid');
insert into joint_fund_contributions(household_id,member_code,period,amount_cents,status) values ('00000000-0000-0000-0000-0000000000aa','CH','2026-02-01',227000,'paid');
insert into joint_fund_contributions(household_id,member_code,period,amount_cents,status) values ('00000000-0000-0000-0000-0000000000aa','CH','2026-03-01',227000,'paid');
insert into joint_fund_contributions(household_id,member_code,period,amount_cents,status) values ('00000000-0000-0000-0000-0000000000aa','CH','2026-04-01',227000,'paid');
insert into joint_fund_contributions(household_id,member_code,period,amount_cents,status) values ('00000000-0000-0000-0000-0000000000aa','CH','2026-05-01',227000,'paid');
insert into joint_fund_contributions(household_id,member_code,period,amount_cents,status) values ('00000000-0000-0000-0000-0000000000aa','CH','2026-06-01',227000,'pending');
insert into joint_fund_contributions(household_id,member_code,period,amount_cents,status) values ('00000000-0000-0000-0000-0000000000aa','CH','2026-07-01',227000,'pending');
insert into joint_fund_contributions(household_id,member_code,period,amount_cents,status) values ('00000000-0000-0000-0000-0000000000aa','CH','2026-08-01',227000,'pending');
insert into joint_fund_contributions(household_id,member_code,period,amount_cents,status) values ('00000000-0000-0000-0000-0000000000aa','CH','2026-09-01',227000,'pending');
insert into joint_fund_contributions(household_id,member_code,period,amount_cents,status) values ('00000000-0000-0000-0000-0000000000aa','CH','2026-10-01',227000,'pending');
insert into joint_fund_contributions(household_id,member_code,period,amount_cents,status) values ('00000000-0000-0000-0000-0000000000aa','CH','2026-11-01',227000,'pending');
insert into joint_fund_contributions(household_id,member_code,period,amount_cents,status) values ('00000000-0000-0000-0000-0000000000aa','CH','2026-12-01',227000,'pending');
insert into joint_fund_contributions(household_id,member_code,period,amount_cents,status) values ('00000000-0000-0000-0000-0000000000aa','JC','2026-01-01',247000,'paid');
insert into joint_fund_contributions(household_id,member_code,period,amount_cents,status) values ('00000000-0000-0000-0000-0000000000aa','JC','2026-02-01',247000,'pending');
insert into joint_fund_contributions(household_id,member_code,period,amount_cents,status) values ('00000000-0000-0000-0000-0000000000aa','JC','2026-03-01',247000,'pending');
insert into joint_fund_contributions(household_id,member_code,period,amount_cents,status) values ('00000000-0000-0000-0000-0000000000aa','JC','2026-04-01',247000,'pending');
insert into joint_fund_contributions(household_id,member_code,period,amount_cents,status) values ('00000000-0000-0000-0000-0000000000aa','JC','2026-05-01',247000,'pending');
insert into joint_fund_contributions(household_id,member_code,period,amount_cents,status) values ('00000000-0000-0000-0000-0000000000aa','JC','2026-06-01',247000,'pending');
insert into joint_fund_contributions(household_id,member_code,period,amount_cents,status) values ('00000000-0000-0000-0000-0000000000aa','JC','2026-07-01',247000,'pending');
insert into joint_fund_contributions(household_id,member_code,period,amount_cents,status) values ('00000000-0000-0000-0000-0000000000aa','JC','2026-08-01',247000,'pending');
insert into joint_fund_contributions(household_id,member_code,period,amount_cents,status) values ('00000000-0000-0000-0000-0000000000aa','JC','2026-09-01',247000,'pending');
insert into joint_fund_contributions(household_id,member_code,period,amount_cents,status) values ('00000000-0000-0000-0000-0000000000aa','JC','2026-10-01',247000,'pending');
insert into joint_fund_contributions(household_id,member_code,period,amount_cents,status) values ('00000000-0000-0000-0000-0000000000aa','JC','2026-11-01',247000,'pending');
insert into joint_fund_contributions(household_id,member_code,period,amount_cents,status) values ('00000000-0000-0000-0000-0000000000aa','JC','2026-12-01',247000,'pending');
insert into budget_categories(household_id,name_en,jc_cents,ch_cents,total_cents,remark,sort_order) values ('00000000-0000-0000-0000-0000000000aa','House',104500,104500,209000,'Installment + utility',1);
insert into budget_categories(household_id,name_en,jc_cents,ch_cents,total_cents,remark,sort_order) values ('00000000-0000-0000-0000-0000000000aa','Food',40000,20000,60000,'CH Lunch outside',2);
insert into budget_categories(household_id,name_en,jc_cents,ch_cents,total_cents,remark,sort_order) values ('00000000-0000-0000-0000-0000000000aa','Emergency fund',50000,50000,100000,NULL,3);
insert into budget_categories(household_id,name_en,jc_cents,ch_cents,total_cents,remark,sort_order) values ('00000000-0000-0000-0000-0000000000aa','Leo insurance',15000,15000,30000,NULL,4);
insert into budget_categories(household_id,name_en,jc_cents,ch_cents,total_cents,remark,sort_order) values ('00000000-0000-0000-0000-0000000000aa','Leo Food + diapers',30000,30000,60000,NULL,5);
insert into budget_categories(household_id,name_en,jc_cents,ch_cents,total_cents,remark,sort_order) values ('00000000-0000-0000-0000-0000000000aa','Leo Clothes',2500,2500,5000,NULL,6);
insert into budget_categories(household_id,name_en,jc_cents,ch_cents,total_cents,remark,sort_order) values ('00000000-0000-0000-0000-0000000000aa','Leo fund in case sick',5000,5000,10000,NULL,7);
insert into monthly_commitments(household_id,name_en,amount_cents,remark) values ('00000000-0000-0000-0000-0000000000aa','House installment',149300,'year 2026');
insert into monthly_commitments(household_id,name_en,amount_cents,remark) values ('00000000-0000-0000-0000-0000000000aa','House maintenance',21320,NULL);
insert into monthly_commitments(household_id,name_en,amount_cents,remark) values ('00000000-0000-0000-0000-0000000000aa','LG water purifier',5000,NULL);
insert into monthly_commitments(household_id,name_en,amount_cents,remark) values ('00000000-0000-0000-0000-0000000000aa','LG air purifier',4000,NULL);
insert into monthly_commitments(household_id,name_en,amount_cents,remark) values ('00000000-0000-0000-0000-0000000000aa','Outdoor water filter',6944,NULL);
insert into monthly_commitments(household_id,name_en,amount_cents,remark) values ('00000000-0000-0000-0000-0000000000aa','Time Fibre Internet',10494,'500 mpbs for 6 months');
insert into monthly_commitments(household_id,name_en,amount_cents,remark) values ('00000000-0000-0000-0000-0000000000aa','Electric Bill',12000,'Estimate');
insert into monthly_commitments(household_id,name_en,amount_cents,remark) values ('00000000-0000-0000-0000-0000000000aa','Water Bill',1500,'Estimate');
insert into expenses(household_id,date,vendor,location,details,amount_cents,paid_by) values ('00000000-0000-0000-0000-0000000000aa','2026-01-03','Retail','-','New year clothes',18900,NULL);
insert into expenses(household_id,date,vendor,location,details,amount_cents,paid_by) values ('00000000-0000-0000-0000-0000000000aa','2026-01-03','Retail','-','Grocery, meal',13015,NULL);
insert into expenses(household_id,date,vendor,location,details,amount_cents,paid_by) values ('00000000-0000-0000-0000-0000000000aa','2026-01-08','Retail','-','Leo shampoo and sauce for Salmon',5073,NULL);
insert into expenses(household_id,date,vendor,location,details,amount_cents,paid_by) values ('00000000-0000-0000-0000-0000000000aa','2026-01-08','Retail','-','diaper, milk, candy',4200,NULL);
insert into expenses(household_id,date,vendor,location,details,amount_cents,paid_by) values ('00000000-0000-0000-0000-0000000000aa',NULL,'Retail','-','Grocery',15500,NULL);
insert into expenses(household_id,date,vendor,location,details,amount_cents,paid_by) values ('00000000-0000-0000-0000-0000000000aa',NULL,'Retail','-','Leo Shirt, toys',24000,NULL);
insert into expenses(household_id,date,vendor,location,details,amount_cents,paid_by) values ('00000000-0000-0000-0000-0000000000aa',NULL,'Retail','-','Grocery, meal',19395,NULL);
insert into expenses(household_id,date,vendor,location,details,amount_cents,paid_by) values ('00000000-0000-0000-0000-0000000000aa','2026-01-14','Retail','-','Huggies',5400,NULL);
insert into expenses(household_id,date,vendor,location,details,amount_cents,paid_by) values ('00000000-0000-0000-0000-0000000000aa',NULL,'Retail','-','Taobao, milk powder, Leo辅食',125265,NULL);
insert into expenses(household_id,date,vendor,location,details,amount_cents,paid_by) values ('00000000-0000-0000-0000-0000000000aa','2026-01-21','Retail','-','Grocery, meals',7400,NULL);
insert into expenses(household_id,date,vendor,location,details,amount_cents,paid_by) values ('00000000-0000-0000-0000-0000000000aa','2026-01-30','Retail','-','Grocery, meals',22900,NULL);
insert into expenses(household_id,date,vendor,location,details,amount_cents,paid_by) values ('00000000-0000-0000-0000-0000000000aa','2026-02-01','Retail','-','Laksa',2400,NULL);
insert into expenses(household_id,date,vendor,location,details,amount_cents,paid_by) values ('00000000-0000-0000-0000-0000000000aa','2026-02-19','Taobao','-','Taobao',34395,NULL);
insert into expenses(household_id,date,vendor,location,details,amount_cents,paid_by) values ('00000000-0000-0000-0000-0000000000aa','2026-02-19','Taobao','-','Taobao',35362,NULL);
insert into expenses(household_id,date,vendor,location,details,amount_cents,paid_by) values ('00000000-0000-0000-0000-0000000000aa','2026-02-22','Taobao','-','Taobao',20047,NULL);
insert into expenses(household_id,date,vendor,location,details,amount_cents,paid_by) values ('00000000-0000-0000-0000-0000000000aa','2026-03-03','Taobao','-','Taobao',15980,NULL);
insert into expenses(household_id,date,vendor,location,details,amount_cents,paid_by) values ('00000000-0000-0000-0000-0000000000aa','2026-03-08','Taobao','-','Taobao',14466,NULL);
insert into expenses(household_id,date,vendor,location,details,amount_cents,paid_by) values ('00000000-0000-0000-0000-0000000000aa','2026-03-11','Taobao','-','Taobao',16475,NULL);
insert into expenses(household_id,date,vendor,location,details,amount_cents,paid_by) values ('00000000-0000-0000-0000-0000000000aa','2026-02-07','Retail','-','Grocery, meals',15330,NULL);
insert into expenses(household_id,date,vendor,location,details,amount_cents,paid_by) values ('00000000-0000-0000-0000-0000000000aa','2026-02-07','Retail','-','Leo shirt',3000,NULL);
insert into expenses(household_id,date,vendor,location,details,amount_cents,paid_by) values ('00000000-0000-0000-0000-0000000000aa','2026-02-07','Retail','-','Fruit & vege',700,NULL);
insert into expenses(household_id,date,vendor,location,details,amount_cents,paid_by) values ('00000000-0000-0000-0000-0000000000aa','2026-02-12','Retail','-','Meals',1750,NULL);
insert into expenses(household_id,date,vendor,location,details,amount_cents,paid_by) values ('00000000-0000-0000-0000-0000000000aa','2026-02-20','Retail','-','Grocery, meals',24295,NULL);
insert into expenses(household_id,date,vendor,location,details,amount_cents,paid_by) values ('00000000-0000-0000-0000-0000000000aa','2026-03-01','Retail','-','Grocery',7200,NULL);
insert into expenses(household_id,date,vendor,location,details,amount_cents,paid_by) values ('00000000-0000-0000-0000-0000000000aa','2026-03-01','Retail','-','Leo shirt, snack, bottle ',16000,NULL);
insert into expenses(household_id,date,vendor,location,details,amount_cents,paid_by) values ('00000000-0000-0000-0000-0000000000aa','2026-03-03','Shopee','-','smart plug socket, Toys',7000,NULL);
insert into expenses(household_id,date,vendor,location,details,amount_cents,paid_by) values ('00000000-0000-0000-0000-0000000000aa','2026-03-08','Retail','-','Diapers, biscuits',5500,NULL);
insert into expenses(household_id,date,vendor,location,details,amount_cents,paid_by) values ('00000000-0000-0000-0000-0000000000aa','2026-03-14','Retail','-','Fruit, Milk Powder, snack, timer, milk bottle',41100,NULL);
insert into expenses(household_id,date,vendor,location,details,amount_cents,paid_by) values ('00000000-0000-0000-0000-0000000000aa','2026-03-15','Retail','-','Meals, Mr diy socket',7680,NULL);
insert into expenses(household_id,date,vendor,location,details,amount_cents,paid_by) values ('00000000-0000-0000-0000-0000000000aa','2026-03-06','Retail','-','Grocery, meals, pacifier',23262,NULL);
insert into expenses(household_id,date,vendor,location,details,amount_cents,paid_by) values ('00000000-0000-0000-0000-0000000000aa','2026-02-28','Retail','-','Meals',2400,NULL);
insert into expenses(household_id,date,vendor,location,details,amount_cents,paid_by) values ('00000000-0000-0000-0000-0000000000aa','2026-03-20','Retail','-','Meals',2400,NULL);
insert into expenses(household_id,date,vendor,location,details,amount_cents,paid_by) values ('00000000-0000-0000-0000-0000000000aa','2026-03-23','Retail','-','Meals',1400,NULL);
insert into expenses(household_id,date,vendor,location,details,amount_cents,paid_by) values ('00000000-0000-0000-0000-0000000000aa','2026-03-27',NULL,'-','Leo shirt (not yet receive)',16300,NULL);
insert into expenses(household_id,date,vendor,location,details,amount_cents,paid_by) values ('00000000-0000-0000-0000-0000000000aa','2026-03-29',NULL,'-','Leo book',4820,NULL);
insert into expenses(household_id,date,vendor,location,details,amount_cents,paid_by) values ('00000000-0000-0000-0000-0000000000aa','2026-03-29',NULL,'-','Grocery ',14535,NULL);
insert into expenses(household_id,date,vendor,location,details,amount_cents,paid_by) values ('00000000-0000-0000-0000-0000000000aa','2026-03-29',NULL,'-','Meal',12510,NULL);
insert into expenses(household_id,date,vendor,location,details,amount_cents,paid_by) values ('00000000-0000-0000-0000-0000000000aa','2026-04-03',NULL,'-','Leo shirt and snack',5424,NULL);
insert into expenses(household_id,date,vendor,location,details,amount_cents,paid_by) values ('00000000-0000-0000-0000-0000000000aa','2026-04-04',NULL,'-','Leo cake flour',1590,NULL);
insert into expenses(household_id,date,vendor,location,details,amount_cents,paid_by) values ('00000000-0000-0000-0000-0000000000aa','2026-04-11',NULL,'-','Pasar grocery ',2500,NULL);
insert into expenses(household_id,date,vendor,location,details,amount_cents,paid_by) values ('00000000-0000-0000-0000-0000000000aa','2026-04-12',NULL,'-','Meal ',4100,NULL);
insert into expenses(household_id,date,vendor,location,details,amount_cents,paid_by) values ('00000000-0000-0000-0000-0000000000aa','2026-04-25',NULL,'-','Biscuits and Leo snack',6200,NULL);
insert into expenses(household_id,date,vendor,location,details,amount_cents,paid_by) values ('00000000-0000-0000-0000-0000000000aa','2026-04-25',NULL,'-','Bread and meal ',2200,NULL);
insert into expenses(household_id,date,vendor,location,details,amount_cents,paid_by) values ('00000000-0000-0000-0000-0000000000aa','2026-04-30','Retail','-','2 week meal',13840,NULL);
insert into expenses(household_id,date,vendor,location,details,amount_cents,paid_by) values ('00000000-0000-0000-0000-0000000000aa','2026-04-30','Jaya Grocer','-','2 weeks grocery and Leo birthday presents for kids',41680,NULL);
insert into expenses(household_id,date,vendor,location,details,amount_cents,paid_by) values ('00000000-0000-0000-0000-0000000000aa','2026-05-02','Retail','-','Lunch',3350,NULL);
insert into expenses(household_id,date,vendor,location,details,amount_cents,paid_by) values ('00000000-0000-0000-0000-0000000000aa','2026-05-02','Jaya Grocer','-','Grocery',9540,NULL);
insert into expenses(household_id,date,vendor,location,details,amount_cents,paid_by) values ('00000000-0000-0000-0000-0000000000aa','2026-05-02','Shopee','-','Leo shirt',11500,NULL);
insert into expenses(household_id,date,vendor,location,details,amount_cents,paid_by) values ('00000000-0000-0000-0000-0000000000aa','2026-04-06','Shopee','-','Leo shower stand + rice puff',7975,NULL);
insert into expenses(household_id,date,vendor,location,details,amount_cents,paid_by) values ('00000000-0000-0000-0000-0000000000aa','2026-04-09','Shopee','-','Leo head protection hat',3317,NULL);
insert into expenses(household_id,date,vendor,location,details,amount_cents,paid_by) values ('00000000-0000-0000-0000-0000000000aa','2026-04-24','Shopee','-','Bye Bye Blackhead cleanser + toilet brush + garbage bag',4044,NULL);
insert into expenses(household_id,date,vendor,location,details,amount_cents,paid_by) values ('00000000-0000-0000-0000-0000000000aa','2026-04-11','Retail','-','Kitchen Fan',11800,NULL);
insert into expenses(household_id,date,vendor,location,details,amount_cents,paid_by) values ('00000000-0000-0000-0000-0000000000aa','2026-04-04','Shopee','-','Tapo Vacuum Robot',162604,NULL);
insert into expenses(household_id,date,vendor,location,details,amount_cents,paid_by) values ('00000000-0000-0000-0000-0000000000aa','2026-05-09','Retail','Billion','grocery',9475,NULL);
insert into expenses(household_id,date,vendor,location,details,amount_cents,paid_by) values ('00000000-0000-0000-0000-0000000000aa','2026-05-12','Taobao','-','Taobao',14801,NULL);
insert into expenses(household_id,date,vendor,location,details,amount_cents,paid_by) values ('00000000-0000-0000-0000-0000000000aa','2026-05-31','Jaya Grocer','-','Grocery',11750,NULL);
insert into expenses(household_id,date,vendor,location,details,amount_cents,paid_by) values ('00000000-0000-0000-0000-0000000000aa','2026-05-31','Retail','-','Meal (total)',26740,NULL);
insert into expenses(household_id,date,vendor,location,details,amount_cents,paid_by) values ('00000000-0000-0000-0000-0000000000aa','2026-05-31','Retail','-','Grocery (total:ikea recharg battery,)',40565,NULL);
insert into expenses(household_id,date,vendor,location,details,amount_cents,paid_by) values ('00000000-0000-0000-0000-0000000000aa','2026-05-17','Shopee','-','Diapers',4999,NULL);
insert into expenses(household_id,date,vendor,location,details,amount_cents,paid_by) values ('00000000-0000-0000-0000-0000000000aa','2026-05-22','Shopee','-','toys',1103,NULL);
insert into expenses(household_id,date,vendor,location,details,amount_cents,paid_by) values ('00000000-0000-0000-0000-0000000000aa','2026-05-24','Shopee','-','Ribena, diapers, similac',30714,NULL);
insert into expenses(household_id,date,vendor,location,details,amount_cents,paid_by) values ('00000000-0000-0000-0000-0000000000aa','2026-05-25','Jaya Grocer','-','Grocery',4350,NULL);
insert into expenses(household_id,date,vendor,location,details,amount_cents,paid_by) values ('00000000-0000-0000-0000-0000000000aa','2026-05-28','Retail','-','Georgetown Pharmacy - Lip balm for Leo',3510,NULL);
insert into expenses(household_id,date,vendor,location,details,amount_cents,paid_by) values ('00000000-0000-0000-0000-0000000000aa','2026-06-16','Retail','-','meat',4150,NULL);
insert into expenses(household_id,date,vendor,location,details,amount_cents,paid_by) values ('00000000-0000-0000-0000-0000000000aa','2026-05-15','Aeon','-','Grocery',1620,NULL);
insert into expenses(household_id,date,vendor,location,details,amount_cents,paid_by) values ('00000000-0000-0000-0000-0000000000aa','2026-05-22','Aeon','-','Grocery',3190,NULL);
insert into expenses(household_id,date,vendor,location,details,amount_cents,paid_by) values ('00000000-0000-0000-0000-0000000000aa','2026-05-23','Eco','-','Leo birthday decoration',3900,NULL);
insert into expenses(household_id,date,vendor,location,details,amount_cents,paid_by) values ('00000000-0000-0000-0000-0000000000aa','2026-05-24','Sunshine','-','Grocery',5205,NULL);
insert into expenses(household_id,date,vendor,location,details,amount_cents,paid_by) values ('00000000-0000-0000-0000-0000000000aa','2026-05-31','Jaya Grocer','Bayana','Grocery',11750,NULL);
insert into expenses(household_id,date,vendor,location,details,amount_cents,paid_by) values ('00000000-0000-0000-0000-0000000000aa','2026-06-10','Shopee','-','Milk Powder + Leo snacks',7133,NULL);
insert into expenses(household_id,date,vendor,location,details,amount_cents,paid_by) values ('00000000-0000-0000-0000-0000000000aa','2026-05-18','Jaya Grocer','Sunway Carnival','Grocery',5820,NULL);
insert into expenses(household_id,date,vendor,location,details,amount_cents,paid_by) values ('00000000-0000-0000-0000-0000000000aa','2026-05-26','Jaya Grocer','Ipoh Parade','Grocery',2970,NULL);
insert into expenses(household_id,date,vendor,location,details,amount_cents,paid_by) values ('00000000-0000-0000-0000-0000000000aa','2026-05-30','Aeon','Queensbay','Grocery',3975,NULL);
insert into expenses(household_id,date,vendor,location,details,amount_cents,paid_by) values ('00000000-0000-0000-0000-0000000000aa','2026-06-03','Aeon','Queensbay','Grocery',2950,NULL);
insert into expenses(household_id,date,vendor,location,details,amount_cents,paid_by) values ('00000000-0000-0000-0000-0000000000aa','2026-06-04','Retail','Gurney Plaza','Switch 99 x 3',29700,NULL);
insert into expenses(household_id,date,vendor,location,details,amount_cents,paid_by) values ('00000000-0000-0000-0000-0000000000aa','2026-06-05','Sunshine','Sunshine Square',NULL,11230,NULL);
insert into expenses(household_id,date,vendor,location,details,amount_cents,paid_by) values ('00000000-0000-0000-0000-0000000000aa','2026-06-09','Aeon','Queensbay',NULL,3380,NULL);
insert into expenses(household_id,date,vendor,location,details,amount_cents,paid_by) values ('00000000-0000-0000-0000-0000000000aa','2026-06-16','Aeon','Queensbay',NULL,4510,NULL);
insert into expenses(household_id,date,vendor,location,details,amount_cents,paid_by) values ('00000000-0000-0000-0000-0000000000aa','2026-06-17','Lotus','Seberang Jaya','Jalan Jalan Japan Leo toys',4600,NULL);
insert into expenses(household_id,date,vendor,location,details,amount_cents,paid_by) values ('00000000-0000-0000-0000-0000000000aa',NULL,'Retail',NULL,'Meat',5200,NULL);
insert into expenses(household_id,date,vendor,location,details,amount_cents,paid_by) values ('00000000-0000-0000-0000-0000000000aa',NULL,NULL,NULL,NULL,1158309,NULL);
insert into assets(id,household_id,type,name,owner_member_code,opening_balance_cents) values ('00000000-0000-0000-0000-0000000000b1','00000000-0000-0000-0000-0000000000aa','property','TreeO',NULL,4601381);
insert into assets(id,household_id,type,name,owner_member_code,opening_balance_cents) values ('00000000-0000-0000-0000-0000000000b2','00000000-0000-0000-0000-0000000000aa','vehicle','Myvi PQC 9059',NULL,NULL);
insert into assets(id,household_id,type,name,owner_member_code,opening_balance_cents) values ('00000000-0000-0000-0000-0000000000b3','00000000-0000-0000-0000-0000000000aa','vehicle','Alza PNM 9059',NULL,NULL);
insert into assets(id,household_id,type,name,owner_member_code,opening_balance_cents) values ('00000000-0000-0000-0000-0000000000b4','00000000-0000-0000-0000-0000000000aa','investment','AIA — CH','CH',NULL);
insert into assets(id,household_id,type,name,owner_member_code,opening_balance_cents) values ('00000000-0000-0000-0000-0000000000b5','00000000-0000-0000-0000-0000000000aa','investment','AIA — JC','JC',NULL);
insert into asset_transactions(asset_id,household_id,date,description,amount_cents,direction,txn_type,settled) values ('00000000-0000-0000-0000-0000000000b1','00000000-0000-0000-0000-0000000000aa','2026-01-01','Monthly Commitment💵',197058,'in','monthly_commitment',true);
insert into asset_transactions(asset_id,household_id,date,description,amount_cents,direction,txn_type,settled) values ('00000000-0000-0000-0000-0000000000b1','00000000-0000-0000-0000-0000000000aa','2026-01-01','Electric Bill (Jan 2026)⚡',7055,'out','bill',false);
insert into asset_transactions(asset_id,household_id,date,description,amount_cents,direction,txn_type,settled) values ('00000000-0000-0000-0000-0000000000b1','00000000-0000-0000-0000-0000000000aa','2026-02-01','Monthly Commitment💵',197058,'in','monthly_commitment',true);
insert into asset_transactions(asset_id,household_id,date,description,amount_cents,direction,txn_type,settled) values ('00000000-0000-0000-0000-0000000000b1','00000000-0000-0000-0000-0000000000aa','2026-03-01','Monthly Commitment💵',197058,'in','monthly_commitment',true);
insert into asset_transactions(asset_id,household_id,date,description,amount_cents,direction,txn_type,settled) values ('00000000-0000-0000-0000-0000000000b1','00000000-0000-0000-0000-0000000000aa','2026-04-01','Monthly Commitment💵',197058,'in','monthly_commitment',true);
insert into asset_transactions(asset_id,household_id,date,description,amount_cents,direction,txn_type,settled) values ('00000000-0000-0000-0000-0000000000b1','00000000-0000-0000-0000-0000000000aa','2026-02-01','Electric Bill (Feb 2026)⚡',7330,'out','bill',false);
insert into asset_transactions(asset_id,household_id,date,description,amount_cents,direction,txn_type,settled) values ('00000000-0000-0000-0000-0000000000b1','00000000-0000-0000-0000-0000000000aa','2026-03-01','Electric Bill (Mar 2026)⚡',6840,'out','bill',false);
insert into asset_transactions(asset_id,household_id,date,description,amount_cents,direction,txn_type,settled) values ('00000000-0000-0000-0000-0000000000b1','00000000-0000-0000-0000-0000000000aa','2026-02-01','Water Bill (Jan, Feb 2026)💧',1364,'out','bill',false);
insert into asset_transactions(asset_id,household_id,date,description,amount_cents,direction,txn_type,settled) values ('00000000-0000-0000-0000-0000000000b1','00000000-0000-0000-0000-0000000000aa','2026-04-01','Electric Bill (Apr 2026)⚡',6775,'out','bill',false);
insert into asset_transactions(asset_id,household_id,date,description,amount_cents,direction,txn_type,settled) values ('00000000-0000-0000-0000-0000000000b1','00000000-0000-0000-0000-0000000000aa','2026-05-02','Monthly Commitment💵',197058,'in','monthly_commitment',true);
insert into asset_transactions(asset_id,household_id,date,description,amount_cents,direction,txn_type,settled) values ('00000000-0000-0000-0000-0000000000b1','00000000-0000-0000-0000-0000000000aa','2026-04-01','Water Bill (Mar, Apr 2026)💧',1240,'out','bill',false);
insert into asset_transactions(asset_id,household_id,date,description,amount_cents,direction,txn_type,settled) values ('00000000-0000-0000-0000-0000000000b1','00000000-0000-0000-0000-0000000000aa','2026-05-12','MOT payment',300000,'out','bill',true);
insert into asset_transactions(asset_id,household_id,date,description,amount_cents,direction,txn_type,settled) values ('00000000-0000-0000-0000-0000000000b1','00000000-0000-0000-0000-0000000000aa','2026-05-10','Electric Bill (May 2026)⚡',9865,'out','bill',false);
insert into asset_transactions(asset_id,household_id,date,description,amount_cents,direction,txn_type,settled) values ('00000000-0000-0000-0000-0000000000b1','00000000-0000-0000-0000-0000000000aa','2026-06-01','Monthly Commitment💵',197058,'in','monthly_commitment',true);
insert into asset_transactions(asset_id,household_id,date,description,amount_cents,direction,txn_type,settled) values ('00000000-0000-0000-0000-0000000000b1','00000000-0000-0000-0000-0000000000aa','2026-06-01','Electric Bill (Jun 2026)⚡',7755,'out','bill',false);
insert into asset_transactions(asset_id,household_id,date,description,amount_cents,direction,txn_type,settled) values ('00000000-0000-0000-0000-0000000000b1','00000000-0000-0000-0000-0000000000aa','2026-06-01','Water Bill (May, Jun 2026)💧',1302,'out','bill',false);
insert into asset_transactions(asset_id,household_id,date,description,amount_cents,direction,txn_type,settled,seq) values ('00000000-0000-0000-0000-0000000000b4','00000000-0000-0000-0000-0000000000aa','2019-08-06','AIA payment',1043658,'out','scheduled_payment',true,1);
insert into asset_transactions(asset_id,household_id,date,description,amount_cents,direction,txn_type,settled,seq) values ('00000000-0000-0000-0000-0000000000b5','00000000-0000-0000-0000-0000000000aa','2019-08-06','AIA payment',1044801,'out','scheduled_payment',true,1);
insert into asset_transactions(asset_id,household_id,date,description,amount_cents,direction,txn_type,settled,seq) values ('00000000-0000-0000-0000-0000000000b4','00000000-0000-0000-0000-0000000000aa','2020-09-16','AIA payment',1043658,'out','scheduled_payment',true,2);
insert into asset_transactions(asset_id,household_id,date,description,amount_cents,direction,txn_type,settled,seq) values ('00000000-0000-0000-0000-0000000000b5','00000000-0000-0000-0000-0000000000aa','2020-09-16','AIA payment',1044801,'out','scheduled_payment',true,2);
insert into asset_transactions(asset_id,household_id,date,description,amount_cents,direction,txn_type,settled,seq) values ('00000000-0000-0000-0000-0000000000b4','00000000-0000-0000-0000-0000000000aa','2021-09-17','AIA payment',488346,'out','scheduled_payment',true,3);
insert into asset_transactions(asset_id,household_id,date,description,amount_cents,direction,txn_type,settled,seq) values ('00000000-0000-0000-0000-0000000000b5','00000000-0000-0000-0000-0000000000aa','2021-09-17','AIA payment',488881,'out','scheduled_payment',true,3);
insert into asset_transactions(asset_id,household_id,date,description,amount_cents,direction,txn_type,settled,seq) values ('00000000-0000-0000-0000-0000000000b4','00000000-0000-0000-0000-0000000000aa','2022-09-21','AIA payment',488346,'out','scheduled_payment',true,4);
insert into asset_transactions(asset_id,household_id,date,description,amount_cents,direction,txn_type,settled,seq) values ('00000000-0000-0000-0000-0000000000b5','00000000-0000-0000-0000-0000000000aa','2022-08-08','AIA payment',488881,'out','scheduled_payment',true,4);
insert into asset_transactions(asset_id,household_id,date,description,amount_cents,direction,txn_type,settled,seq) values ('00000000-0000-0000-0000-0000000000b4','00000000-0000-0000-0000-0000000000aa','2023-08-09','AIA payment',488346,'out','scheduled_payment',true,5);
insert into asset_transactions(asset_id,household_id,date,description,amount_cents,direction,txn_type,settled,seq) values ('00000000-0000-0000-0000-0000000000b5','00000000-0000-0000-0000-0000000000aa','2023-08-09','AIA payment',488810,'out','scheduled_payment',true,5);
insert into asset_transactions(asset_id,household_id,date,description,amount_cents,direction,txn_type,settled,seq) values ('00000000-0000-0000-0000-0000000000b4','00000000-0000-0000-0000-0000000000aa','2024-08-04','AIA payment',488346,'out','scheduled_payment',true,6);
insert into asset_transactions(asset_id,household_id,date,description,amount_cents,direction,txn_type,settled,seq) values ('00000000-0000-0000-0000-0000000000b5','00000000-0000-0000-0000-0000000000aa','2024-08-02','AIA payment',488810,'out','scheduled_payment',true,6);
insert into asset_transactions(asset_id,household_id,date,description,amount_cents,direction,txn_type,settled,seq) values ('00000000-0000-0000-0000-0000000000b4','00000000-0000-0000-0000-0000000000aa','2025-08-05','AIA payment',488346,'out','scheduled_payment',true,7);
insert into asset_transactions(asset_id,household_id,date,description,amount_cents,direction,txn_type,settled,seq) values ('00000000-0000-0000-0000-0000000000b5','00000000-0000-0000-0000-0000000000aa','2025-08-02','AIA payment',488881,'out','scheduled_payment',true,7);
