insert into households(id,name) values ('00000000-0000-0000-0000-0000000000aa','Chong Family');
insert into household_members(household_id,user_id,role,member_code) values ('00000000-0000-0000-0000-0000000000aa',:CH_UID,'owner','CH'),('00000000-0000-0000-0000-0000000000aa',:JC_UID,'member','JC');
insert into joint_fund_config(household_id,member_code,expected_monthly_cents,carry_forward_prev_year_cents) values ('00000000-0000-0000-0000-0000000000aa','CH',227000,0),('00000000-0000-0000-0000-0000000000aa','JC',247000,0);
-- Jan 2026 records absorb the RM 1338.53 carry forward from 2025 (RM 669.26 each; 0.01 remainder dropped)
insert into joint_fund_contributions(household_id,member_code,period,amount_cents,status,notes) values ('00000000-0000-0000-0000-0000000000aa','CH','2026-01-01',293926,'paid','Includes RM 669.26 carry forward from 2025');
insert into joint_fund_contributions(household_id,member_code,period,amount_cents,status) values ('00000000-0000-0000-0000-0000000000aa','CH','2026-02-01',227000,'paid');
insert into joint_fund_contributions(household_id,member_code,period,amount_cents,status) values ('00000000-0000-0000-0000-0000000000aa','CH','2026-03-01',227000,'paid');
insert into joint_fund_contributions(household_id,member_code,period,amount_cents,status) values ('00000000-0000-0000-0000-0000000000aa','CH','2026-04-01',227000,'paid');
insert into joint_fund_contributions(household_id,member_code,period,amount_cents,status) values ('00000000-0000-0000-0000-0000000000aa','CH','2026-05-01',227000,'paid');
insert into joint_fund_contributions(household_id,member_code,period,amount_cents,status) values ('00000000-0000-0000-0000-0000000000aa','CH','2026-06-01',227000,'pending');
insert into joint_fund_contributions(household_id,member_code,period,amount_cents,status) values ('00000000-0000-0000-0000-0000000000aa','CH','2026-07-01',227000,'pending');
insert into joint_fund_contributions(household_id,member_code,period,amount_cents,status) values ('00000000-0000-0000-0000-0000000000aa','CH','2026-08-01',227000,'pending');
insert into joint_fund_contributions(household_id,member_code,period,amount_cents,status) values ('00000000-0000-0000-0000-0000000000aa','CH','2026-09-01',227000,'pending');
insert into joint_fund_contributions(household_id,member_code,period,amount_cents,status) values ('00000000-0000-0000-0000-0000000000aa','CH','2026-10-01',227000,'pending');
insert into joint_fund_contributions(household_id,member_code,period,amount_cents,status) values ('00000000-0000-0000-0000-0000000000aa','CH','2026-11-01',227000,'pending');
insert into joint_fund_contributions(household_id,member_code,period,amount_cents,status) values ('00000000-0000-0000-0000-0000000000aa','CH','2026-12-01',227000,'pending');
insert into joint_fund_contributions(household_id,member_code,period,amount_cents,status,notes) values ('00000000-0000-0000-0000-0000000000aa','JC','2026-01-01',313926,'paid','Includes RM 669.26 carry forward from 2025');
insert into joint_fund_contributions(household_id,member_code,period,amount_cents,status) values ('00000000-0000-0000-0000-0000000000aa','JC','2026-02-01',247000,'pending');
insert into joint_fund_contributions(household_id,member_code,period,amount_cents,status) values ('00000000-0000-0000-0000-0000000000aa','JC','2026-03-01',247000,'pending');
insert into joint_fund_contributions(household_id,member_code,period,amount_cents,status) values ('00000000-0000-0000-0000-0000000000aa','JC','2026-04-01',247000,'pending');
insert into joint_fund_contributions(household_id,member_code,period,amount_cents,status) values ('00000000-0000-0000-0000-0000000000aa','JC','2026-05-01',247000,'pending');
insert into joint_fund_contributions(household_id,member_code,period,amount_cents,status) values ('00000000-0000-0000-0000-0000000000aa','JC','2026-06-01',247000,'pending');
insert into joint_fund_contributions(household_id,member_code,period,amount_cents,status) values ('00000000-0000-0000-0000-0000000000aa','JC','2026-07-01',247000,'pending');
insert into joint_fund_contributions(household_id,member_code,period,amount_cents,status) values ('00000000-0000-0000-0000-0000000000aa','JC','2026-08-01',247000,'pending');
insert into joint_fund_contributions(household_id,member_code,period,amount_cents,status) values ('00000000-0000-0000-0000-0000000000aa','JC','2026-09-01',247000,'pending');
insert into joint_fund_contributions(household_id,member_code,period,amount_cents,status) values ('00000000-0000-0000-0000-0000000000aa','JC','2026-10-01',247000,'pending');
insert into joint_fund_contributions(household_id,member_code,period,amount_cents,status) values ('00000000-0000-0000-0000-0000000000aa','JC','2026-11-01',247000,'pending');
insert into joint_fund_contributions(household_id,member_code,period,amount_cents,status) values ('00000000-0000-0000-0000-0000000000aa','JC','2026-12-01',247000,'pending');
insert into vendors (id,household_id,name) values ('d88af482-a5c7-50a7-9aed-e59c47a1fa50','00000000-0000-0000-0000-0000000000aa','Aeon');
insert into vendors (id,household_id,name) values ('e001bd56-a989-59a4-b8a9-e5ef55559d91','00000000-0000-0000-0000-0000000000aa','Eco');
insert into vendors (id,household_id,name) values ('5344618c-dc2f-5e77-927d-f58161477446','00000000-0000-0000-0000-0000000000aa','Jaya Grocer');
insert into vendors (id,household_id,name) values ('aae017cf-2ba7-518b-bda2-36e67b5d97d3','00000000-0000-0000-0000-0000000000aa','Lotus');
insert into vendors (id,household_id,name) values ('cfce892d-8738-5e75-b9c8-97e07cb140c3','00000000-0000-0000-0000-0000000000aa','Retail');
insert into vendors (id,household_id,name) values ('8c2fa0e0-2312-5e45-abe5-560633cc1cd1','00000000-0000-0000-0000-0000000000aa','Shopee');
insert into vendors (id,household_id,name) values ('cf234d7f-cd6e-5b70-bbb7-054128116ed7','00000000-0000-0000-0000-0000000000aa','Sunshine');
insert into vendors (id,household_id,name) values ('e95d2fa0-ee6f-505b-9637-de2579f4fff2','00000000-0000-0000-0000-0000000000aa','Taobao');
insert into locations (id,household_id,name) values ('dfe3b6fd-8466-5a99-a5b6-c92fc1b0ad94','00000000-0000-0000-0000-0000000000aa','Bayana');
insert into locations (id,household_id,name) values ('906e9ec1-fac5-5e7e-8b4a-5f21593761c5','00000000-0000-0000-0000-0000000000aa','Billion');
insert into locations (id,household_id,name) values ('b7b85e97-f0e4-5b9e-b24b-b065c97d0e6d','00000000-0000-0000-0000-0000000000aa','Gurney Plaza');
insert into locations (id,household_id,name) values ('d38277a3-3c36-5bf8-8dc3-e5193ffe6cfb','00000000-0000-0000-0000-0000000000aa','Ipoh Parade');
insert into locations (id,household_id,name) values ('073fefd9-556e-5c42-bd1f-abbb49ae52e0','00000000-0000-0000-0000-0000000000aa','Queensbay');
insert into locations (id,household_id,name) values ('ecd4b5b3-ae86-57da-8de6-343be0cb61f2','00000000-0000-0000-0000-0000000000aa','Seberang Jaya');
insert into locations (id,household_id,name) values ('9506b3b3-5075-5fad-80d4-4c37e1901246','00000000-0000-0000-0000-0000000000aa','Sunshine Square');
insert into locations (id,household_id,name) values ('33597fbb-5401-56cc-8a52-3307fa61fc30','00000000-0000-0000-0000-0000000000aa','Sunway Carnival');
insert into expenses(household_id,date,vendor_id,location_id,details,amount_cents,paid_by) values ('00000000-0000-0000-0000-0000000000aa','2026-01-03','cfce892d-8738-5e75-b9c8-97e07cb140c3',NULL,'New year clothes',18900,NULL);
insert into expenses(household_id,date,vendor_id,location_id,details,amount_cents,paid_by) values ('00000000-0000-0000-0000-0000000000aa','2026-01-03','cfce892d-8738-5e75-b9c8-97e07cb140c3',NULL,'Grocery, meal',13015,NULL);
insert into expenses(household_id,date,vendor_id,location_id,details,amount_cents,paid_by) values ('00000000-0000-0000-0000-0000000000aa','2026-01-08','cfce892d-8738-5e75-b9c8-97e07cb140c3',NULL,'Leo shampoo and sauce for Salmon',5073,NULL);
insert into expenses(household_id,date,vendor_id,location_id,details,amount_cents,paid_by) values ('00000000-0000-0000-0000-0000000000aa','2026-01-08','cfce892d-8738-5e75-b9c8-97e07cb140c3',NULL,'diaper, milk, candy',4200,NULL);
insert into expenses(household_id,date,vendor_id,location_id,details,amount_cents,paid_by) values ('00000000-0000-0000-0000-0000000000aa','2026-01-08','cfce892d-8738-5e75-b9c8-97e07cb140c3',NULL,'Grocery',15500,NULL);
insert into expenses(household_id,date,vendor_id,location_id,details,amount_cents,paid_by) values ('00000000-0000-0000-0000-0000000000aa','2026-01-08','cfce892d-8738-5e75-b9c8-97e07cb140c3',NULL,'Leo Shirt, toys',24000,NULL);
insert into expenses(household_id,date,vendor_id,location_id,details,amount_cents,paid_by) values ('00000000-0000-0000-0000-0000000000aa','2026-01-08','cfce892d-8738-5e75-b9c8-97e07cb140c3',NULL,'Grocery, meal',19395,NULL);
insert into expenses(household_id,date,vendor_id,location_id,details,amount_cents,paid_by) values ('00000000-0000-0000-0000-0000000000aa','2026-01-14','cfce892d-8738-5e75-b9c8-97e07cb140c3',NULL,'Huggies',5400,NULL);
insert into expenses(household_id,date,vendor_id,location_id,details,amount_cents,paid_by) values ('00000000-0000-0000-0000-0000000000aa','2026-01-14','cfce892d-8738-5e75-b9c8-97e07cb140c3',NULL,'Taobao, milk powder, Leo辅食',125265,NULL);
insert into expenses(household_id,date,vendor_id,location_id,details,amount_cents,paid_by) values ('00000000-0000-0000-0000-0000000000aa','2026-01-21','cfce892d-8738-5e75-b9c8-97e07cb140c3',NULL,'Grocery, meals',7400,NULL);
insert into expenses(household_id,date,vendor_id,location_id,details,amount_cents,paid_by) values ('00000000-0000-0000-0000-0000000000aa','2026-01-30','cfce892d-8738-5e75-b9c8-97e07cb140c3',NULL,'Grocery, meals',22900,NULL);
insert into expenses(household_id,date,vendor_id,location_id,details,amount_cents,paid_by) values ('00000000-0000-0000-0000-0000000000aa','2026-02-01','cfce892d-8738-5e75-b9c8-97e07cb140c3',NULL,'Laksa',2400,NULL);
insert into expenses(household_id,date,vendor_id,location_id,details,amount_cents,paid_by) values ('00000000-0000-0000-0000-0000000000aa','2026-02-19','e95d2fa0-ee6f-505b-9637-de2579f4fff2',NULL,'Taobao',34395,NULL);
insert into expenses(household_id,date,vendor_id,location_id,details,amount_cents,paid_by) values ('00000000-0000-0000-0000-0000000000aa','2026-02-19','e95d2fa0-ee6f-505b-9637-de2579f4fff2',NULL,'Taobao',35362,NULL);
insert into expenses(household_id,date,vendor_id,location_id,details,amount_cents,paid_by) values ('00000000-0000-0000-0000-0000000000aa','2026-02-22','e95d2fa0-ee6f-505b-9637-de2579f4fff2',NULL,'Taobao',20047,NULL);
insert into expenses(household_id,date,vendor_id,location_id,details,amount_cents,paid_by) values ('00000000-0000-0000-0000-0000000000aa','2026-03-03','e95d2fa0-ee6f-505b-9637-de2579f4fff2',NULL,'Taobao',15980,NULL);
insert into expenses(household_id,date,vendor_id,location_id,details,amount_cents,paid_by) values ('00000000-0000-0000-0000-0000000000aa','2026-03-08','e95d2fa0-ee6f-505b-9637-de2579f4fff2',NULL,'Taobao',14466,NULL);
insert into expenses(household_id,date,vendor_id,location_id,details,amount_cents,paid_by) values ('00000000-0000-0000-0000-0000000000aa','2026-03-11','e95d2fa0-ee6f-505b-9637-de2579f4fff2',NULL,'Taobao',16475,NULL);
insert into expenses(household_id,date,vendor_id,location_id,details,amount_cents,paid_by) values ('00000000-0000-0000-0000-0000000000aa','2026-02-07','cfce892d-8738-5e75-b9c8-97e07cb140c3',NULL,'Grocery, meals',15330,NULL);
insert into expenses(household_id,date,vendor_id,location_id,details,amount_cents,paid_by) values ('00000000-0000-0000-0000-0000000000aa','2026-02-07','cfce892d-8738-5e75-b9c8-97e07cb140c3',NULL,'Leo shirt',3000,NULL);
insert into expenses(household_id,date,vendor_id,location_id,details,amount_cents,paid_by) values ('00000000-0000-0000-0000-0000000000aa','2026-02-07','cfce892d-8738-5e75-b9c8-97e07cb140c3',NULL,'Fruit & vege',700,NULL);
insert into expenses(household_id,date,vendor_id,location_id,details,amount_cents,paid_by) values ('00000000-0000-0000-0000-0000000000aa','2026-02-12','cfce892d-8738-5e75-b9c8-97e07cb140c3',NULL,'Meals',1750,NULL);
insert into expenses(household_id,date,vendor_id,location_id,details,amount_cents,paid_by) values ('00000000-0000-0000-0000-0000000000aa','2026-02-20','cfce892d-8738-5e75-b9c8-97e07cb140c3',NULL,'Grocery, meals',24295,NULL);
insert into expenses(household_id,date,vendor_id,location_id,details,amount_cents,paid_by) values ('00000000-0000-0000-0000-0000000000aa','2026-03-01','cfce892d-8738-5e75-b9c8-97e07cb140c3',NULL,'Grocery',7200,NULL);
insert into expenses(household_id,date,vendor_id,location_id,details,amount_cents,paid_by) values ('00000000-0000-0000-0000-0000000000aa','2026-03-01','cfce892d-8738-5e75-b9c8-97e07cb140c3',NULL,'Leo shirt, snack, bottle ',16000,NULL);
insert into expenses(household_id,date,vendor_id,location_id,details,amount_cents,paid_by) values ('00000000-0000-0000-0000-0000000000aa','2026-03-03','8c2fa0e0-2312-5e45-abe5-560633cc1cd1',NULL,'smart plug socket, Toys',7000,NULL);
insert into expenses(household_id,date,vendor_id,location_id,details,amount_cents,paid_by) values ('00000000-0000-0000-0000-0000000000aa','2026-03-08','cfce892d-8738-5e75-b9c8-97e07cb140c3',NULL,'Diapers, biscuits',5500,NULL);
insert into expenses(household_id,date,vendor_id,location_id,details,amount_cents,paid_by) values ('00000000-0000-0000-0000-0000000000aa','2026-03-14','cfce892d-8738-5e75-b9c8-97e07cb140c3',NULL,'Fruit, Milk Powder, snack, timer, milk bottle',41100,NULL);
insert into expenses(household_id,date,vendor_id,location_id,details,amount_cents,paid_by) values ('00000000-0000-0000-0000-0000000000aa','2026-03-15','cfce892d-8738-5e75-b9c8-97e07cb140c3',NULL,'Meals, Mr diy socket',7680,NULL);
insert into expenses(household_id,date,vendor_id,location_id,details,amount_cents,paid_by) values ('00000000-0000-0000-0000-0000000000aa','2026-03-06','cfce892d-8738-5e75-b9c8-97e07cb140c3',NULL,'Grocery, meals, pacifier',23262,NULL);
insert into expenses(household_id,date,vendor_id,location_id,details,amount_cents,paid_by) values ('00000000-0000-0000-0000-0000000000aa','2026-02-28','cfce892d-8738-5e75-b9c8-97e07cb140c3',NULL,'Meals',2400,NULL);
insert into expenses(household_id,date,vendor_id,location_id,details,amount_cents,paid_by) values ('00000000-0000-0000-0000-0000000000aa','2026-03-20','cfce892d-8738-5e75-b9c8-97e07cb140c3',NULL,'Meals',2400,NULL);
insert into expenses(household_id,date,vendor_id,location_id,details,amount_cents,paid_by) values ('00000000-0000-0000-0000-0000000000aa','2026-03-23','cfce892d-8738-5e75-b9c8-97e07cb140c3',NULL,'Meals',1400,NULL);
insert into expenses(household_id,date,vendor_id,location_id,details,amount_cents,paid_by) values ('00000000-0000-0000-0000-0000000000aa','2026-03-27',NULL,NULL,'Leo shirt (not yet receive)',16300,NULL);
insert into expenses(household_id,date,vendor_id,location_id,details,amount_cents,paid_by) values ('00000000-0000-0000-0000-0000000000aa','2026-03-29',NULL,NULL,'Leo book',4820,NULL);
insert into expenses(household_id,date,vendor_id,location_id,details,amount_cents,paid_by) values ('00000000-0000-0000-0000-0000000000aa','2026-03-29',NULL,NULL,'Grocery ',14535,NULL);
insert into expenses(household_id,date,vendor_id,location_id,details,amount_cents,paid_by) values ('00000000-0000-0000-0000-0000000000aa','2026-03-29',NULL,NULL,'Meal',12510,NULL);
insert into expenses(household_id,date,vendor_id,location_id,details,amount_cents,paid_by) values ('00000000-0000-0000-0000-0000000000aa','2026-04-03',NULL,NULL,'Leo shirt and snack',5424,NULL);
insert into expenses(household_id,date,vendor_id,location_id,details,amount_cents,paid_by) values ('00000000-0000-0000-0000-0000000000aa','2026-04-04',NULL,NULL,'Leo cake flour',1590,NULL);
insert into expenses(household_id,date,vendor_id,location_id,details,amount_cents,paid_by) values ('00000000-0000-0000-0000-0000000000aa','2026-04-11',NULL,NULL,'Pasar grocery ',2500,NULL);
insert into expenses(household_id,date,vendor_id,location_id,details,amount_cents,paid_by) values ('00000000-0000-0000-0000-0000000000aa','2026-04-12',NULL,NULL,'Meal ',4100,NULL);
insert into expenses(household_id,date,vendor_id,location_id,details,amount_cents,paid_by) values ('00000000-0000-0000-0000-0000000000aa','2026-04-25',NULL,NULL,'Biscuits and Leo snack',6200,NULL);
insert into expenses(household_id,date,vendor_id,location_id,details,amount_cents,paid_by) values ('00000000-0000-0000-0000-0000000000aa','2026-04-25',NULL,NULL,'Bread and meal ',2200,NULL);
insert into expenses(household_id,date,vendor_id,location_id,details,amount_cents,paid_by) values ('00000000-0000-0000-0000-0000000000aa','2026-04-30','cfce892d-8738-5e75-b9c8-97e07cb140c3',NULL,'2 week meal',13840,NULL);
insert into expenses(household_id,date,vendor_id,location_id,details,amount_cents,paid_by) values ('00000000-0000-0000-0000-0000000000aa','2026-04-30','5344618c-dc2f-5e77-927d-f58161477446',NULL,'2 weeks grocery and Leo birthday presents for kids',41680,NULL);
insert into expenses(household_id,date,vendor_id,location_id,details,amount_cents,paid_by) values ('00000000-0000-0000-0000-0000000000aa','2026-05-02','cfce892d-8738-5e75-b9c8-97e07cb140c3',NULL,'Lunch',3350,NULL);
insert into expenses(household_id,date,vendor_id,location_id,details,amount_cents,paid_by) values ('00000000-0000-0000-0000-0000000000aa','2026-05-02','5344618c-dc2f-5e77-927d-f58161477446',NULL,'Grocery',9540,NULL);
insert into expenses(household_id,date,vendor_id,location_id,details,amount_cents,paid_by) values ('00000000-0000-0000-0000-0000000000aa','2026-05-02','8c2fa0e0-2312-5e45-abe5-560633cc1cd1',NULL,'Leo shirt',11500,NULL);
insert into expenses(household_id,date,vendor_id,location_id,details,amount_cents,paid_by) values ('00000000-0000-0000-0000-0000000000aa','2026-04-06','8c2fa0e0-2312-5e45-abe5-560633cc1cd1',NULL,'Leo shower stand + rice puff',7975,NULL);
insert into expenses(household_id,date,vendor_id,location_id,details,amount_cents,paid_by) values ('00000000-0000-0000-0000-0000000000aa','2026-04-09','8c2fa0e0-2312-5e45-abe5-560633cc1cd1',NULL,'Leo head protection hat',3317,NULL);
insert into expenses(household_id,date,vendor_id,location_id,details,amount_cents,paid_by) values ('00000000-0000-0000-0000-0000000000aa','2026-04-24','8c2fa0e0-2312-5e45-abe5-560633cc1cd1',NULL,'Bye Bye Blackhead cleanser + toilet brush + garbage bag',4044,NULL);
insert into expenses(household_id,date,vendor_id,location_id,details,amount_cents,paid_by) values ('00000000-0000-0000-0000-0000000000aa','2026-04-11','cfce892d-8738-5e75-b9c8-97e07cb140c3',NULL,'Kitchen Fan',11800,NULL);
insert into expenses(household_id,date,vendor_id,location_id,details,amount_cents,paid_by) values ('00000000-0000-0000-0000-0000000000aa','2026-04-04','8c2fa0e0-2312-5e45-abe5-560633cc1cd1',NULL,'Tapo Vacuum Robot',162604,NULL);
insert into expenses(household_id,date,vendor_id,location_id,details,amount_cents,paid_by) values ('00000000-0000-0000-0000-0000000000aa','2026-05-09','cfce892d-8738-5e75-b9c8-97e07cb140c3','906e9ec1-fac5-5e7e-8b4a-5f21593761c5','grocery',9475,NULL);
insert into expenses(household_id,date,vendor_id,location_id,details,amount_cents,paid_by) values ('00000000-0000-0000-0000-0000000000aa','2026-05-12','e95d2fa0-ee6f-505b-9637-de2579f4fff2',NULL,'Taobao',14801,NULL);
insert into expenses(household_id,date,vendor_id,location_id,details,amount_cents,paid_by) values ('00000000-0000-0000-0000-0000000000aa','2026-05-31','5344618c-dc2f-5e77-927d-f58161477446',NULL,'Grocery',11750,NULL);
insert into expenses(household_id,date,vendor_id,location_id,details,amount_cents,paid_by) values ('00000000-0000-0000-0000-0000000000aa','2026-05-31','cfce892d-8738-5e75-b9c8-97e07cb140c3',NULL,'Meal (total)',26740,NULL);
insert into expenses(household_id,date,vendor_id,location_id,details,amount_cents,paid_by) values ('00000000-0000-0000-0000-0000000000aa','2026-05-31','cfce892d-8738-5e75-b9c8-97e07cb140c3',NULL,'Grocery (total:ikea recharg battery,)',40565,NULL);
insert into expenses(household_id,date,vendor_id,location_id,details,amount_cents,paid_by) values ('00000000-0000-0000-0000-0000000000aa','2026-05-17','8c2fa0e0-2312-5e45-abe5-560633cc1cd1',NULL,'Diapers',4999,NULL);
insert into expenses(household_id,date,vendor_id,location_id,details,amount_cents,paid_by) values ('00000000-0000-0000-0000-0000000000aa','2026-05-22','8c2fa0e0-2312-5e45-abe5-560633cc1cd1',NULL,'toys',1103,NULL);
insert into expenses(household_id,date,vendor_id,location_id,details,amount_cents,paid_by) values ('00000000-0000-0000-0000-0000000000aa','2026-05-24','8c2fa0e0-2312-5e45-abe5-560633cc1cd1',NULL,'Ribena, diapers, similac',30714,NULL);
insert into expenses(household_id,date,vendor_id,location_id,details,amount_cents,paid_by) values ('00000000-0000-0000-0000-0000000000aa','2026-05-25','5344618c-dc2f-5e77-927d-f58161477446',NULL,'Grocery',4350,NULL);
insert into expenses(household_id,date,vendor_id,location_id,details,amount_cents,paid_by) values ('00000000-0000-0000-0000-0000000000aa','2026-05-28','cfce892d-8738-5e75-b9c8-97e07cb140c3',NULL,'Georgetown Pharmacy - Lip balm for Leo',3510,NULL);
insert into expenses(household_id,date,vendor_id,location_id,details,amount_cents,paid_by) values ('00000000-0000-0000-0000-0000000000aa','2026-06-16','cfce892d-8738-5e75-b9c8-97e07cb140c3',NULL,'meat',4150,NULL);
insert into expenses(household_id,date,vendor_id,location_id,details,amount_cents,paid_by) values ('00000000-0000-0000-0000-0000000000aa','2026-05-15','d88af482-a5c7-50a7-9aed-e59c47a1fa50',NULL,'Grocery',1620,NULL);
insert into expenses(household_id,date,vendor_id,location_id,details,amount_cents,paid_by) values ('00000000-0000-0000-0000-0000000000aa','2026-05-22','d88af482-a5c7-50a7-9aed-e59c47a1fa50',NULL,'Grocery',3190,NULL);
insert into expenses(household_id,date,vendor_id,location_id,details,amount_cents,paid_by) values ('00000000-0000-0000-0000-0000000000aa','2026-05-23','e001bd56-a989-59a4-b8a9-e5ef55559d91',NULL,'Leo birthday decoration',3900,NULL);
insert into expenses(household_id,date,vendor_id,location_id,details,amount_cents,paid_by) values ('00000000-0000-0000-0000-0000000000aa','2026-05-24','cf234d7f-cd6e-5b70-bbb7-054128116ed7',NULL,'Grocery',5205,NULL);
insert into expenses(household_id,date,vendor_id,location_id,details,amount_cents,paid_by) values ('00000000-0000-0000-0000-0000000000aa','2026-05-31','5344618c-dc2f-5e77-927d-f58161477446','dfe3b6fd-8466-5a99-a5b6-c92fc1b0ad94','Grocery',11750,NULL);
insert into expenses(household_id,date,vendor_id,location_id,details,amount_cents,paid_by) values ('00000000-0000-0000-0000-0000000000aa','2026-06-10','8c2fa0e0-2312-5e45-abe5-560633cc1cd1',NULL,'Milk Powder + Leo snacks',7133,NULL);
insert into expenses(household_id,date,vendor_id,location_id,details,amount_cents,paid_by) values ('00000000-0000-0000-0000-0000000000aa','2026-05-18','5344618c-dc2f-5e77-927d-f58161477446','33597fbb-5401-56cc-8a52-3307fa61fc30','Grocery',5820,NULL);
insert into expenses(household_id,date,vendor_id,location_id,details,amount_cents,paid_by) values ('00000000-0000-0000-0000-0000000000aa','2026-05-26','5344618c-dc2f-5e77-927d-f58161477446','d38277a3-3c36-5bf8-8dc3-e5193ffe6cfb','Grocery',2970,NULL);
insert into expenses(household_id,date,vendor_id,location_id,details,amount_cents,paid_by) values ('00000000-0000-0000-0000-0000000000aa','2026-05-30','d88af482-a5c7-50a7-9aed-e59c47a1fa50','073fefd9-556e-5c42-bd1f-abbb49ae52e0','Grocery',3975,NULL);
insert into expenses(household_id,date,vendor_id,location_id,details,amount_cents,paid_by) values ('00000000-0000-0000-0000-0000000000aa','2026-06-03','d88af482-a5c7-50a7-9aed-e59c47a1fa50','073fefd9-556e-5c42-bd1f-abbb49ae52e0','Grocery',2950,NULL);
insert into expenses(household_id,date,vendor_id,location_id,details,amount_cents,paid_by) values ('00000000-0000-0000-0000-0000000000aa','2026-06-04','cfce892d-8738-5e75-b9c8-97e07cb140c3','b7b85e97-f0e4-5b9e-b24b-b065c97d0e6d','Switch 99 x 3',29700,NULL);
insert into expenses(household_id,date,vendor_id,location_id,details,amount_cents,paid_by) values ('00000000-0000-0000-0000-0000000000aa','2026-06-05','cf234d7f-cd6e-5b70-bbb7-054128116ed7','9506b3b3-5075-5fad-80d4-4c37e1901246',NULL,11230,NULL);
insert into expenses(household_id,date,vendor_id,location_id,details,amount_cents,paid_by) values ('00000000-0000-0000-0000-0000000000aa','2026-06-09','d88af482-a5c7-50a7-9aed-e59c47a1fa50','073fefd9-556e-5c42-bd1f-abbb49ae52e0',NULL,3380,NULL);
insert into expenses(household_id,date,vendor_id,location_id,details,amount_cents,paid_by) values ('00000000-0000-0000-0000-0000000000aa','2026-06-16','d88af482-a5c7-50a7-9aed-e59c47a1fa50','073fefd9-556e-5c42-bd1f-abbb49ae52e0',NULL,4510,NULL);
insert into expenses(household_id,date,vendor_id,location_id,details,amount_cents,paid_by) values ('00000000-0000-0000-0000-0000000000aa','2026-06-17','aae017cf-2ba7-518b-bda2-36e67b5d97d3','ecd4b5b3-ae86-57da-8de6-343be0cb61f2','Jalan Jalan Japan Leo toys',4600,NULL);
insert into expenses(household_id,date,vendor_id,location_id,details,amount_cents,paid_by) values ('00000000-0000-0000-0000-0000000000aa','2026-06-17','cfce892d-8738-5e75-b9c8-97e07cb140c3',NULL,'Meat',5200,NULL);
insert into expenses(household_id,date,vendor_id,location_id,details,amount_cents,paid_by) values ('00000000-0000-0000-0000-0000000000aa','2026-06-17',NULL,NULL,NULL,1158309,NULL);
insert into assets(id,household_id,type,name,owner_member_code,opening_balance_cents) values ('00000000-0000-0000-0000-0000000000b1','00000000-0000-0000-0000-0000000000aa','property','TreeO',NULL,4601381);
insert into monthly_commitments(household_id,asset_id,name,amount_cents,remark,sort_order) values ('00000000-0000-0000-0000-0000000000aa','00000000-0000-0000-0000-0000000000b1','House installment',149300,'year 2026',1);
insert into monthly_commitments(household_id,asset_id,name,amount_cents,remark,sort_order) values ('00000000-0000-0000-0000-0000000000aa','00000000-0000-0000-0000-0000000000b1','House maintenance',21320,NULL,2);
insert into monthly_commitments(household_id,asset_id,name,amount_cents,remark,sort_order) values ('00000000-0000-0000-0000-0000000000aa','00000000-0000-0000-0000-0000000000b1','LG water purifier',5000,NULL,3);
insert into monthly_commitments(household_id,asset_id,name,amount_cents,remark,sort_order) values ('00000000-0000-0000-0000-0000000000aa','00000000-0000-0000-0000-0000000000b1','LG air purifier',4000,NULL,4);
insert into monthly_commitments(household_id,asset_id,name,amount_cents,remark,sort_order) values ('00000000-0000-0000-0000-0000000000aa','00000000-0000-0000-0000-0000000000b1','Outdoor water filter',6944,NULL,5);
insert into monthly_commitments(household_id,asset_id,name,amount_cents,remark,sort_order) values ('00000000-0000-0000-0000-0000000000aa','00000000-0000-0000-0000-0000000000b1','Time Fibre Internet',10494,'500 mpbs for 6 months',6);
insert into monthly_commitments(household_id,asset_id,name,amount_cents,remark,sort_order) values ('00000000-0000-0000-0000-0000000000aa','00000000-0000-0000-0000-0000000000b1','Electric Bill',12000,'Estimate',7);
insert into monthly_commitments(household_id,asset_id,name,amount_cents,remark,sort_order) values ('00000000-0000-0000-0000-0000000000aa','00000000-0000-0000-0000-0000000000b1','Water Bill',1500,'Estimate',8);
insert into assets(id,household_id,type,name,owner_member_code,opening_balance_cents) values ('00000000-0000-0000-0000-0000000000b2','00000000-0000-0000-0000-0000000000aa','vehicle','Myvi PQC 9059',NULL,NULL);
insert into assets(id,household_id,type,name,owner_member_code,opening_balance_cents) values ('00000000-0000-0000-0000-0000000000b3','00000000-0000-0000-0000-0000000000aa','vehicle','Alza PNM 9059',NULL,NULL);
insert into assets(id,household_id,type,name,owner_member_code,opening_balance_cents) values ('00000000-0000-0000-0000-0000000000b4','00000000-0000-0000-0000-0000000000aa','investment','AIA — CH','CH',NULL);
insert into assets(id,household_id,type,name,owner_member_code,opening_balance_cents) values ('00000000-0000-0000-0000-0000000000b5','00000000-0000-0000-0000-0000000000aa','investment','AIA — JC','JC',NULL);
insert into asset_transactions(asset_id,household_id,date,description,amount_cents,direction,txn_type,settled) values ('00000000-0000-0000-0000-0000000000b1','00000000-0000-0000-0000-0000000000aa','2026-01-01','Installment + Maintenance',197058,'in','monthly_commitment',true);
insert into asset_transactions(asset_id,household_id,date,description,amount_cents,direction,txn_type,settled) values ('00000000-0000-0000-0000-0000000000b1','00000000-0000-0000-0000-0000000000aa','2026-01-01','Electric Bill (Jan 2026)',7055,'out','bill',false);
insert into asset_transactions(asset_id,household_id,date,description,amount_cents,direction,txn_type,settled) values ('00000000-0000-0000-0000-0000000000b1','00000000-0000-0000-0000-0000000000aa','2026-02-01','Installment + Maintenance',197058,'in','monthly_commitment',true);
insert into asset_transactions(asset_id,household_id,date,description,amount_cents,direction,txn_type,settled) values ('00000000-0000-0000-0000-0000000000b1','00000000-0000-0000-0000-0000000000aa','2026-03-01','Installment + Maintenance',197058,'in','monthly_commitment',true);
insert into asset_transactions(asset_id,household_id,date,description,amount_cents,direction,txn_type,settled) values ('00000000-0000-0000-0000-0000000000b1','00000000-0000-0000-0000-0000000000aa','2026-04-01','Installment + Maintenance',197058,'in','monthly_commitment',true);
insert into asset_transactions(asset_id,household_id,date,description,amount_cents,direction,txn_type,settled) values ('00000000-0000-0000-0000-0000000000b1','00000000-0000-0000-0000-0000000000aa','2026-02-01','Electric Bill (Feb 2026)',7330,'out','bill',false);
insert into asset_transactions(asset_id,household_id,date,description,amount_cents,direction,txn_type,settled) values ('00000000-0000-0000-0000-0000000000b1','00000000-0000-0000-0000-0000000000aa','2026-03-01','Electric Bill (Mar 2026)',6840,'out','bill',false);
insert into asset_transactions(asset_id,household_id,date,description,amount_cents,direction,txn_type,settled) values ('00000000-0000-0000-0000-0000000000b1','00000000-0000-0000-0000-0000000000aa','2026-02-01','Water Bill (Jan, Feb 2026)',1364,'out','bill',false);
insert into asset_transactions(asset_id,household_id,date,description,amount_cents,direction,txn_type,settled) values ('00000000-0000-0000-0000-0000000000b1','00000000-0000-0000-0000-0000000000aa','2026-04-01','Electric Bill (Apr 2026)',6775,'out','bill',false);
insert into asset_transactions(asset_id,household_id,date,description,amount_cents,direction,txn_type,settled) values ('00000000-0000-0000-0000-0000000000b1','00000000-0000-0000-0000-0000000000aa','2026-05-02','Installment + Maintenance',197058,'in','monthly_commitment',true);
insert into asset_transactions(asset_id,household_id,date,description,amount_cents,direction,txn_type,settled) values ('00000000-0000-0000-0000-0000000000b1','00000000-0000-0000-0000-0000000000aa','2026-04-01','Water Bill (Mar, Apr 2026)',1240,'out','bill',false);
insert into asset_transactions(asset_id,household_id,date,description,amount_cents,direction,txn_type,settled) values ('00000000-0000-0000-0000-0000000000b1','00000000-0000-0000-0000-0000000000aa','2026-05-12','MOT payment',300000,'out','bill',true);
insert into asset_transactions(asset_id,household_id,date,description,amount_cents,direction,txn_type,settled) values ('00000000-0000-0000-0000-0000000000b1','00000000-0000-0000-0000-0000000000aa','2026-05-10','Electric Bill (May 2026)',9865,'out','bill',false);
insert into asset_transactions(asset_id,household_id,date,description,amount_cents,direction,txn_type,settled) values ('00000000-0000-0000-0000-0000000000b1','00000000-0000-0000-0000-0000000000aa','2026-06-01','Installment + Maintenance',197058,'in','monthly_commitment',true);
insert into asset_transactions(asset_id,household_id,date,description,amount_cents,direction,txn_type,settled) values ('00000000-0000-0000-0000-0000000000b1','00000000-0000-0000-0000-0000000000aa','2026-06-01','Electric Bill (Jun 2026)',7755,'out','bill',false);
insert into asset_transactions(asset_id,household_id,date,description,amount_cents,direction,txn_type,settled) values ('00000000-0000-0000-0000-0000000000b1','00000000-0000-0000-0000-0000000000aa','2026-06-01','Water Bill (May, Jun 2026)',1302,'out','bill',false);
insert into asset_transactions(asset_id,household_id,date,description,amount_cents,direction,txn_type,settled,seq) values ('00000000-0000-0000-0000-0000000000b4','00000000-0000-0000-0000-0000000000aa','2019-08-06','AIA payment',1043658,'out','scheduled_payment',true,1);
insert into asset_transactions(asset_id,household_id,date,description,amount_cents,direction,txn_type,settled,seq) values ('00000000-0000-0000-0000-0000000000b5','00000000-0000-0000-0000-0000000000aa','2019-08-06','AIA payment',1044801,'out','scheduled_payment',true,1);
insert into asset_transactions(asset_id,household_id,date,description,amount_cents,direction,txn_type,settled,seq) values ('00000000-0000-0000-0000-0000000000b4','00000000-0000-0000-0000-0000000000aa','2020-09-16','AIA payment',1043658,'out','scheduled_payment',true,2);
insert into asset_transactions(asset_id,household_id,date,description,amount_cents,direction,txn_type,settled,seq) values ('00000000-0000-0000-0000-0000000000b5','00000000-0000-0000-0000-0000000000aa','2020-09-16','AIA payment',1044801,'out','scheduled_payment',true,2);
insert into asset_transactions(asset_id,household_id,date,description,amount_cents,direction,txn_type,settled,seq) values ('00000000-0000-0000-0000-0000000000b4','00000000-0000-0000-0000-0000000000aa','2021-09-17','AIA payment',488346,'out','scheduled_payment',true,3);
insert into asset_transactions(asset_id,household_id,date,description,amount_cents,direction,txn_type,settled,seq) values ('00000000-0000-0000-0000-0000000000b5','00000000-0000-0000-0000-0000000000aa','2021-09-17','AIA payment',488881,'out','scheduled_payment',true,3);
insert into asset_transactions(asset_id,household_id,date,description,amount_cents,direction,txn_type,settled,seq) values ('00000000-0000-0000-0000-0000000000b4','00000000-0000-0000-0000-0000000000aa','2022-09-21','AIA payment',488346,'out','scheduled_payment',true,4);
insert into asset_transactions(asset_id,household_id,date,description,amount_cents,direction,txn_type,settled,seq) values ('00000000-0000-0000-0000-0000000000b5','00000000-0000-0000-0000-0000000000aa','2022-08-08','AIA payment',488881,'out','scheduled_payment',true,4);
insert into asset_transactions(asset_id,household_id,date,description,amount_cents,direction,txn_type,settled,seq) values ('00000000-0000-0000-0000-0000000000b4','00000000-0000-0000-0000-0000000000aa','2023-08-09','AIA payment',488346,'out','scheduled_payment',true,5);
insert into asset_transactions(asset_id,household_id,date,description,amount_cents,direction,txn_type,settled,seq) values ('00000000-0000-0000-0000-0000000000b5','00000000-0000-0000-0000-0000000000aa','2023-08-09','AIA payment',488810,'out','scheduled_payment',true,5);
insert into asset_transactions(asset_id,household_id,date,description,amount_cents,direction,txn_type,settled,seq) values ('00000000-0000-0000-0000-0000000000b4','00000000-0000-0000-0000-0000000000aa','2024-08-04','AIA payment',488346,'out','scheduled_payment',true,6);
insert into asset_transactions(asset_id,household_id,date,description,amount_cents,direction,txn_type,settled,seq) values ('00000000-0000-0000-0000-0000000000b5','00000000-0000-0000-0000-0000000000aa','2024-08-02','AIA payment',488810,'out','scheduled_payment',true,6);
insert into asset_transactions(asset_id,household_id,date,description,amount_cents,direction,txn_type,settled,seq) values ('00000000-0000-0000-0000-0000000000b4','00000000-0000-0000-0000-0000000000aa','2025-08-05','AIA payment',488346,'out','scheduled_payment',true,7);
insert into asset_transactions(asset_id,household_id,date,description,amount_cents,direction,txn_type,settled,seq) values ('00000000-0000-0000-0000-0000000000b5','00000000-0000-0000-0000-0000000000aa','2025-08-02','AIA payment',488881,'out','scheduled_payment',true,7);
insert into asset_transactions(asset_id,household_id,date,description,amount_cents,direction,txn_type,settled) values ('00000000-0000-0000-0000-0000000000b2','00000000-0000-0000-0000-0000000000aa','2025-12-31','Bank/Loan',3647431,'out','loan',true);
insert into asset_transactions(asset_id,household_id,date,description,amount_cents,direction,txn_type,settled) values ('00000000-0000-0000-0000-0000000000b2','00000000-0000-0000-0000-0000000000aa','2022-12-14','Road Tax + Insurance',133315,'out','road_tax_insurance',true);
insert into asset_transactions(asset_id,household_id,date,description,amount_cents,direction,txn_type,settled) values ('00000000-0000-0000-0000-0000000000b2','00000000-0000-0000-0000-0000000000aa','2024-09-01','Road Tax + Insurance',130775,'out','road_tax_insurance',true);
insert into asset_transactions(asset_id,household_id,date,description,amount_cents,direction,txn_type,settled) values ('00000000-0000-0000-0000-0000000000b2','00000000-0000-0000-0000-0000000000aa','2025-03-02','Road Tax + Insurance',120705,'out','road_tax_insurance',true);
insert into asset_transactions(asset_id,household_id,date,description,amount_cents,direction,txn_type,settled) values ('00000000-0000-0000-0000-0000000000b2','00000000-0000-0000-0000-0000000000aa','2022-08-26','Maintenance',25120,'out','maintenance',true);
insert into asset_transactions(asset_id,household_id,date,description,amount_cents,direction,txn_type,settled) values ('00000000-0000-0000-0000-0000000000b2','00000000-0000-0000-0000-0000000000aa','2023-01-27','Maintenance',30685,'out','maintenance',true);
insert into asset_transactions(asset_id,household_id,date,description,amount_cents,direction,txn_type,settled) values ('00000000-0000-0000-0000-0000000000b2','00000000-0000-0000-0000-0000000000aa','2024-04-23','Maintenance (battery)',23000,'out','maintenance',true);
insert into asset_transactions(asset_id,household_id,date,description,amount_cents,direction,txn_type,settled) values ('00000000-0000-0000-0000-0000000000b2','00000000-0000-0000-0000-0000000000aa','2025-10-09','Maintenance',33000,'out','maintenance',true);
insert into asset_transactions(asset_id,household_id,date,description,amount_cents,direction,txn_type,settled) values ('00000000-0000-0000-0000-0000000000b3','00000000-0000-0000-0000-0000000000aa','2025-12-31','Loan Payback',3452000,'out','loan_payback',true);
insert into asset_transactions(asset_id,household_id,date,description,amount_cents,direction,txn_type,settled) values ('00000000-0000-0000-0000-0000000000b3','00000000-0000-0000-0000-0000000000aa','2019-09-07','Road Tax + Insurance',134660,'out','road_tax_insurance',true);
insert into asset_transactions(asset_id,household_id,date,description,amount_cents,direction,txn_type,settled) values ('00000000-0000-0000-0000-0000000000b3','00000000-0000-0000-0000-0000000000aa','2020-06-29','Road Tax + Insurance',120690,'out','road_tax_insurance',true);
insert into asset_transactions(asset_id,household_id,date,description,amount_cents,direction,txn_type,settled) values ('00000000-0000-0000-0000-0000000000b3','00000000-0000-0000-0000-0000000000aa','2021-10-06','Road Tax + Insurance',100850,'out','road_tax_insurance',true);
insert into asset_transactions(asset_id,household_id,date,description,amount_cents,direction,txn_type,settled) values ('00000000-0000-0000-0000-0000000000b3','00000000-0000-0000-0000-0000000000aa','2022-06-15','Road Tax + Insurance',86125,'out','road_tax_insurance',true);
insert into asset_transactions(asset_id,household_id,date,description,amount_cents,direction,txn_type,settled) values ('00000000-0000-0000-0000-0000000000b3','00000000-0000-0000-0000-0000000000aa','2023-12-13','Road Tax + Insurance',195277,'out','road_tax_insurance',true);
insert into asset_transactions(asset_id,household_id,date,description,amount_cents,direction,txn_type,settled) values ('00000000-0000-0000-0000-0000000000b3','00000000-0000-0000-0000-0000000000aa','2024-11-26','Road Tax + Insurance',137275,'out','road_tax_insurance',true);
insert into asset_transactions(asset_id,household_id,date,description,amount_cents,direction,txn_type,settled) values ('00000000-0000-0000-0000-0000000000b3','00000000-0000-0000-0000-0000000000aa','2025-12-11','Road Tax + Insurance',125707,'out','road_tax_insurance',true);
insert into asset_transactions(asset_id,household_id,date,description,amount_cents,direction,txn_type,settled) values ('00000000-0000-0000-0000-0000000000b3','00000000-0000-0000-0000-0000000000aa','2021-10-24','Maintenance',55650,'out','maintenance',true);
insert into asset_transactions(asset_id,household_id,date,description,amount_cents,direction,txn_type,settled) values ('00000000-0000-0000-0000-0000000000b3','00000000-0000-0000-0000-0000000000aa','2022-04-24','Maintenance',43960,'out','maintenance',true);
insert into asset_transactions(asset_id,household_id,date,description,amount_cents,direction,txn_type,settled) values ('00000000-0000-0000-0000-0000000000b3','00000000-0000-0000-0000-0000000000aa','2022-10-30','Maintenance',92150,'out','maintenance',true);
insert into asset_transactions(asset_id,household_id,date,description,amount_cents,direction,txn_type,settled) values ('00000000-0000-0000-0000-0000000000b3','00000000-0000-0000-0000-0000000000aa','2023-12-22','Maintenance',36540,'out','maintenance',true);
insert into asset_transactions(asset_id,household_id,date,description,amount_cents,direction,txn_type,settled) values ('00000000-0000-0000-0000-0000000000b3','00000000-0000-0000-0000-0000000000aa','2024-06-24','Maintenance',19085,'out','maintenance',true);
insert into asset_transactions(asset_id,household_id,date,description,amount_cents,direction,txn_type,settled) values ('00000000-0000-0000-0000-0000000000b3','00000000-0000-0000-0000-0000000000aa','2024-11-28','Maintenance',38260,'out','maintenance',true);
insert into ledger_entries(household_id,owner_member_code,period,entry_type,description,amount_cents,remark) values ('00000000-0000-0000-0000-0000000000aa','CH','2026-01-01','income','Nett Salary',533915,'Gross 6117.00');
insert into ledger_entries(household_id,owner_member_code,period,entry_type,description,amount_cents,remark) values ('00000000-0000-0000-0000-0000000000aa','CH','2026-01-01','expense','Youtube Premium',2100,NULL);
insert into ledger_entries(household_id,owner_member_code,period,entry_type,description,amount_cents,remark) values ('00000000-0000-0000-0000-0000000000aa','CH','2026-01-01','income','Sinaran Rental',176000,NULL);
insert into ledger_entries(household_id,owner_member_code,period,entry_type,description,amount_cents,remark) values ('00000000-0000-0000-0000-0000000000aa','CH','2026-01-01','expense','Apple One',2250,NULL);
insert into ledger_entries(household_id,owner_member_code,period,entry_type,description,amount_cents,remark) values ('00000000-0000-0000-0000-0000000000aa','CH','2026-01-01','expense','PTPTN',20000,NULL);
insert into ledger_entries(household_id,owner_member_code,period,entry_type,description,amount_cents,remark) values ('00000000-0000-0000-0000-0000000000aa','CH','2026-01-01','expense','Insurance (Allianz)',27000,NULL);
insert into ledger_entries(household_id,owner_member_code,period,entry_type,description,amount_cents,remark) values ('00000000-0000-0000-0000-0000000000aa','CH','2026-01-01','expense','Hotlink',4500,NULL);
insert into ledger_entries(household_id,owner_member_code,period,entry_type,description,amount_cents,remark) values ('00000000-0000-0000-0000-0000000000aa','CH','2026-01-01','expense','Parent',60000,NULL);
insert into ledger_entries(household_id,owner_member_code,period,entry_type,description,amount_cents,remark) values ('00000000-0000-0000-0000-0000000000aa','CH','2026-01-01','expense','Sinaran',235000,NULL);
insert into ledger_entries(household_id,owner_member_code,period,entry_type,description,amount_cents,remark) values ('00000000-0000-0000-0000-0000000000aa','CH','2026-01-01','expense','Joint Fund',227000,NULL);
insert into ledger_entries(household_id,owner_member_code,period,entry_type,description,amount_cents,remark) values ('00000000-0000-0000-0000-0000000000aa','CH','2026-01-01','expense','Petrol',15000,NULL);
insert into ledger_entries(household_id,owner_member_code,period,entry_type,description,amount_cents,remark) values ('00000000-0000-0000-0000-0000000000aa','CH','2026-01-01','expense','AIA',1000,NULL);
insert into ledger_entries(household_id,owner_member_code,period,entry_type,description,amount_cents,remark) values ('00000000-0000-0000-0000-0000000000aa','CH','2026-02-01','income','Nett Salary',571706,'Gross 6600.00');
insert into ledger_entries(household_id,owner_member_code,period,entry_type,description,amount_cents,remark) values ('00000000-0000-0000-0000-0000000000aa','CH','2026-02-01','expense','Youtube Premium',2100,NULL);
insert into ledger_entries(household_id,owner_member_code,period,entry_type,description,amount_cents,remark) values ('00000000-0000-0000-0000-0000000000aa','CH','2026-02-01','income','Sinaran Rental',176000,NULL);
insert into ledger_entries(household_id,owner_member_code,period,entry_type,description,amount_cents,remark) values ('00000000-0000-0000-0000-0000000000aa','CH','2026-02-01','expense','Apple One',2250,NULL);
insert into ledger_entries(household_id,owner_member_code,period,entry_type,description,amount_cents,remark) values ('00000000-0000-0000-0000-0000000000aa','CH','2026-02-01','expense','PTPTN',20000,NULL);
insert into ledger_entries(household_id,owner_member_code,period,entry_type,description,amount_cents,remark) values ('00000000-0000-0000-0000-0000000000aa','CH','2026-02-01','expense','Insurance (Allianz)',27000,NULL);
insert into ledger_entries(household_id,owner_member_code,period,entry_type,description,amount_cents,remark) values ('00000000-0000-0000-0000-0000000000aa','CH','2026-02-01','expense','Hotlink',4500,NULL);
insert into ledger_entries(household_id,owner_member_code,period,entry_type,description,amount_cents,remark) values ('00000000-0000-0000-0000-0000000000aa','CH','2026-02-01','expense','Parent',60000,NULL);
insert into ledger_entries(household_id,owner_member_code,period,entry_type,description,amount_cents,remark) values ('00000000-0000-0000-0000-0000000000aa','CH','2026-02-01','expense','Sinaran',235000,NULL);
insert into ledger_entries(household_id,owner_member_code,period,entry_type,description,amount_cents,remark) values ('00000000-0000-0000-0000-0000000000aa','CH','2026-02-01','expense','Joint Fund',227000,NULL);
insert into ledger_entries(household_id,owner_member_code,period,entry_type,description,amount_cents,remark) values ('00000000-0000-0000-0000-0000000000aa','CH','2026-02-01','expense','Petrol',15000,NULL);
insert into ledger_entries(household_id,owner_member_code,period,entry_type,description,amount_cents,remark) values ('00000000-0000-0000-0000-0000000000aa','CH','2026-02-01','expense','AIA',1000,NULL);
insert into ledger_entries(household_id,owner_member_code,period,entry_type,description,amount_cents,remark) values ('00000000-0000-0000-0000-0000000000aa','CH','2026-03-01','income','Nett Salary',572500,'Gross 6600.00');
insert into ledger_entries(household_id,owner_member_code,period,entry_type,description,amount_cents,remark) values ('00000000-0000-0000-0000-0000000000aa','CH','2026-03-01','expense','Youtube Premium',2100,NULL);
insert into ledger_entries(household_id,owner_member_code,period,entry_type,description,amount_cents,remark) values ('00000000-0000-0000-0000-0000000000aa','CH','2026-03-01','income','Sinaran Rental',176000,NULL);
insert into ledger_entries(household_id,owner_member_code,period,entry_type,description,amount_cents,remark) values ('00000000-0000-0000-0000-0000000000aa','CH','2026-03-01','expense','Apple One',2250,NULL);
insert into ledger_entries(household_id,owner_member_code,period,entry_type,description,amount_cents,remark) values ('00000000-0000-0000-0000-0000000000aa','CH','2026-03-01','expense','PTPTN',20000,NULL);
insert into ledger_entries(household_id,owner_member_code,period,entry_type,description,amount_cents,remark) values ('00000000-0000-0000-0000-0000000000aa','CH','2026-03-01','expense','Insurance (Allianz)',27000,NULL);
insert into ledger_entries(household_id,owner_member_code,period,entry_type,description,amount_cents,remark) values ('00000000-0000-0000-0000-0000000000aa','CH','2026-03-01','expense','Hotlink',4500,NULL);
insert into ledger_entries(household_id,owner_member_code,period,entry_type,description,amount_cents,remark) values ('00000000-0000-0000-0000-0000000000aa','CH','2026-03-01','expense','Parent',60000,NULL);
insert into ledger_entries(household_id,owner_member_code,period,entry_type,description,amount_cents,remark) values ('00000000-0000-0000-0000-0000000000aa','CH','2026-03-01','expense','Sinaran',235000,NULL);
insert into ledger_entries(household_id,owner_member_code,period,entry_type,description,amount_cents,remark) values ('00000000-0000-0000-0000-0000000000aa','CH','2026-03-01','expense','Joint Fund',227000,NULL);
insert into ledger_entries(household_id,owner_member_code,period,entry_type,description,amount_cents,remark) values ('00000000-0000-0000-0000-0000000000aa','CH','2026-03-01','expense','Petrol',15000,NULL);
insert into ledger_entries(household_id,owner_member_code,period,entry_type,description,amount_cents,remark) values ('00000000-0000-0000-0000-0000000000aa','CH','2026-03-01','expense','AIA',1000,NULL);
insert into ledger_entries(household_id,owner_member_code,period,entry_type,description,amount_cents,remark) values ('00000000-0000-0000-0000-0000000000aa','CH','2026-03-01','expense','Sinaran maintenance',25972,NULL);
insert into ledger_entries(household_id,owner_member_code,period,entry_type,description,amount_cents,remark) values ('00000000-0000-0000-0000-0000000000aa','CH','2026-04-01','income','Nett Salary',585655,'Gross 6600.00');
insert into ledger_entries(household_id,owner_member_code,period,entry_type,description,amount_cents,remark) values ('00000000-0000-0000-0000-0000000000aa','CH','2026-04-01','expense','Youtube Premium',2100,NULL);
insert into ledger_entries(household_id,owner_member_code,period,entry_type,description,amount_cents,remark) values ('00000000-0000-0000-0000-0000000000aa','CH','2026-04-01','income','Sinaran Rental',176000,NULL);
insert into ledger_entries(household_id,owner_member_code,period,entry_type,description,amount_cents,remark) values ('00000000-0000-0000-0000-0000000000aa','CH','2026-04-01','expense','Apple One',2250,NULL);
insert into ledger_entries(household_id,owner_member_code,period,entry_type,description,amount_cents,remark) values ('00000000-0000-0000-0000-0000000000aa','CH','2026-04-01','expense','PTPTN',20000,NULL);
insert into ledger_entries(household_id,owner_member_code,period,entry_type,description,amount_cents,remark) values ('00000000-0000-0000-0000-0000000000aa','CH','2026-04-01','expense','Insurance (Allianz)',27000,NULL);
insert into ledger_entries(household_id,owner_member_code,period,entry_type,description,amount_cents,remark) values ('00000000-0000-0000-0000-0000000000aa','CH','2026-04-01','expense','Hotlink',4500,NULL);
insert into ledger_entries(household_id,owner_member_code,period,entry_type,description,amount_cents,remark) values ('00000000-0000-0000-0000-0000000000aa','CH','2026-04-01','expense','Parent',60000,NULL);
insert into ledger_entries(household_id,owner_member_code,period,entry_type,description,amount_cents,remark) values ('00000000-0000-0000-0000-0000000000aa','CH','2026-04-01','expense','Sinaran',235000,NULL);
insert into ledger_entries(household_id,owner_member_code,period,entry_type,description,amount_cents,remark) values ('00000000-0000-0000-0000-0000000000aa','CH','2026-04-01','expense','Joint Fund',227000,NULL);
insert into ledger_entries(household_id,owner_member_code,period,entry_type,description,amount_cents,remark) values ('00000000-0000-0000-0000-0000000000aa','CH','2026-04-01','expense','Petrol',15000,NULL);
insert into ledger_entries(household_id,owner_member_code,period,entry_type,description,amount_cents,remark) values ('00000000-0000-0000-0000-0000000000aa','CH','2026-04-01','expense','AIA',1000,NULL);
insert into ledger_entries(household_id,owner_member_code,period,entry_type,description,amount_cents,remark) values ('00000000-0000-0000-0000-0000000000aa','CH','2026-04-01','expense','Sinaran maintenance',25972,NULL);
insert into ledger_entries(household_id,owner_member_code,period,entry_type,description,amount_cents,remark) values ('00000000-0000-0000-0000-0000000000aa','CH','2026-04-01','expense','Google AI Pro',9799,NULL);
insert into ledger_entries(household_id,owner_member_code,period,entry_type,description,amount_cents,remark) values ('00000000-0000-0000-0000-0000000000aa','CH','2026-05-01','income','Nett Salary',585655,'Gross 6600.00');
insert into ledger_entries(household_id,owner_member_code,period,entry_type,description,amount_cents,remark) values ('00000000-0000-0000-0000-0000000000aa','CH','2026-05-01','expense','Youtube Premium',2100,NULL);
insert into ledger_entries(household_id,owner_member_code,period,entry_type,description,amount_cents,remark) values ('00000000-0000-0000-0000-0000000000aa','CH','2026-05-01','income','Sinaran Rental',176000,NULL);
insert into ledger_entries(household_id,owner_member_code,period,entry_type,description,amount_cents,remark) values ('00000000-0000-0000-0000-0000000000aa','CH','2026-05-01','expense','Apple One',2250,NULL);
insert into ledger_entries(household_id,owner_member_code,period,entry_type,description,amount_cents,remark) values ('00000000-0000-0000-0000-0000000000aa','CH','2026-05-01','expense','PTPTN',20000,NULL);
insert into ledger_entries(household_id,owner_member_code,period,entry_type,description,amount_cents,remark) values ('00000000-0000-0000-0000-0000000000aa','CH','2026-05-01','expense','Insurance (Allianz)',27000,NULL);
insert into ledger_entries(household_id,owner_member_code,period,entry_type,description,amount_cents,remark) values ('00000000-0000-0000-0000-0000000000aa','CH','2026-05-01','expense','Hotlink',4500,NULL);
insert into ledger_entries(household_id,owner_member_code,period,entry_type,description,amount_cents,remark) values ('00000000-0000-0000-0000-0000000000aa','CH','2026-05-01','expense','Parent',60000,NULL);
insert into ledger_entries(household_id,owner_member_code,period,entry_type,description,amount_cents,remark) values ('00000000-0000-0000-0000-0000000000aa','CH','2026-05-01','expense','Sinaran',235000,NULL);
insert into ledger_entries(household_id,owner_member_code,period,entry_type,description,amount_cents,remark) values ('00000000-0000-0000-0000-0000000000aa','CH','2026-05-01','expense','Joint Fund',227000,NULL);
insert into ledger_entries(household_id,owner_member_code,period,entry_type,description,amount_cents,remark) values ('00000000-0000-0000-0000-0000000000aa','CH','2026-05-01','expense','Petrol',15000,NULL);
insert into ledger_entries(household_id,owner_member_code,period,entry_type,description,amount_cents,remark) values ('00000000-0000-0000-0000-0000000000aa','CH','2026-05-01','expense','AIA',1000,NULL);
insert into ledger_entries(household_id,owner_member_code,period,entry_type,description,amount_cents,remark) values ('00000000-0000-0000-0000-0000000000aa','CH','2026-05-01','expense','Sinaran maintenance',25972,NULL);
insert into ledger_entries(household_id,owner_member_code,period,entry_type,description,amount_cents,remark) values ('00000000-0000-0000-0000-0000000000aa','CH','2026-05-01','expense','Google AI Pro',9799,NULL);
insert into ledger_entries(household_id,owner_member_code,period,entry_type,description,amount_cents,remark) values ('00000000-0000-0000-0000-0000000000aa','JC','2026-01-01','expense','car insurance',121728,NULL);
insert into ledger_entries(household_id,owner_member_code,period,entry_type,description,amount_cents,remark) values ('00000000-0000-0000-0000-0000000000aa','JC','2026-01-01','expense','PTPTN',20000,NULL);
insert into ledger_entries(household_id,owner_member_code,period,entry_type,description,amount_cents,remark) values ('00000000-0000-0000-0000-0000000000aa','JC','2026-01-01','expense','Insurance (Allianz)',27000,NULL);
insert into ledger_entries(household_id,owner_member_code,period,entry_type,description,amount_cents,remark) values ('00000000-0000-0000-0000-0000000000aa','JC','2026-01-01','expense','Hotlink',4500,NULL);
insert into ledger_entries(household_id,owner_member_code,period,entry_type,description,amount_cents,remark) values ('00000000-0000-0000-0000-0000000000aa','JC','2026-01-01','expense','Parent',60000,NULL);
insert into ledger_entries(household_id,owner_member_code,period,entry_type,description,amount_cents,remark) values ('00000000-0000-0000-0000-0000000000aa','JC','2026-01-01','expense','Joint Fund',227000,NULL);
insert into ledger_entries(household_id,owner_member_code,period,entry_type,description,amount_cents,remark) values ('00000000-0000-0000-0000-0000000000aa','JC','2026-01-01','expense','AIA',0,NULL);
